Gene,modeAge
Mzf1,Opisthokonta
Smurf2,Eukaryota
Calcoco2,Vertebrata
Rlf,Vertebrata
Itgb4,Eumetazoa
Prdm16,Opisthokonta
Cyp4a12b,Euk+Bac
Ncmap,Mammalia
Mpl,Vertebrata
Trim63,Vertebrata
Myom3,Eumetazoa
Suv39h1,Eukaryota
Ofd1,Eukaryota
Tfe3,Opisthokonta
Kcnip3,Eukaryota
Ndor1,Eukaryota
Grin1,Eukaryota
Heph,Opisthokonta
Bdnf,Vertebrata
Lcn5,Vertebrata
Chd7,Cellular_organisms
Lhx3,Eumetazoa
Mllt3,Eumetazoa
Bfsp1,Eumetazoa
Cd44,Vertebrata
Bub1,Eukaryota
Duox2,Euk+Bac
Srxn1,Eukaryota
Ppig,Eumetazoa
Map1a,Eumetazoa
Hoxd11,Eumetazoa
Mga,Eumetazoa
Foxd3,Eumetazoa
Lmo2,Eumetazoa
Birc3,Opisthokonta
Gsc2,Eumetazoa
Dnmt3l,Mammalia
Odf2,Eumetazoa
Nr3c2,Vertebrata
Rel,Eumetazoa
Mesp2,Mammalia
Pag1,Vertebrata
Pgr,Vertebrata
Rnls,Eumetazoa
Pfkfb3,Euk+Bac
Pcp2,Mammalia
Zfp384,Mammalia
Pecam1,Eumetazoa
Cd79b,Vertebrata
Aldh3a2,Euk+Bac
Ski,Eumetazoa
Ptpru,Vertebrata
Fam161a,Eumetazoa
Tnfrsf25,Mammalia
Tek,Vertebrata
Runx1t1,Eumetazoa
Aatk,Vertebrata
Mylk,Eukaryota
Stat5a,Opisthokonta
Aire,Vertebrata
Cad,Cellular_organisms
Ep300,Eukaryota
Mgam,Eukaryota
Lmo7,Eumetazoa
Gfi1b,Eumetazoa
Cbfa2t3,Eumetazoa
Hoxa1,Eumetazoa
Myocd,Vertebrata
Ptprz1,Eumetazoa
D7Ertd443e,Vertebrata
Mov10l1,Eukaryota
Setdb1,Eukaryota
Fkbp8,Mammalia
Mef2a,Eukaryota
Foxp1,Eumetazoa
Tle3,Eumetazoa
Tcf19,Vertebrata
Abcc4,Euk+Bac
Atf6,Eukaryota
Lct,Vertebrata
Sis,Eukaryota
Capn2,Eukaryota
S1pr1,Vertebrata
Angpt1,Vertebrata
Bin1,Eumetazoa
Lgals9,Eumetazoa
Mesp2,Eumetazoa
Esrra,Eumetazoa
Klf6,Eumetazoa
Pten,Eukaryota
Mttp,Eumetazoa
Myh11,Euk+Bac
Rbpjl,Opisthokonta
Barx2,Vertebrata
Mstn,Eumetazoa
Arg2,Euk+Bac
Foxm1,Eumetazoa
Slc10a1,Euk+Bac
Tg,Vertebrata
Tnfrsf11b,Eumetazoa
Bak1,Eumetazoa
Casp12,Mammalia
Casp6,Eumetazoa
Nfil3,Eumetazoa
Onecut1,Eumetazoa
Ogg1,Euk_Archaea
Clock,Eumetazoa
Mnt,Eumetazoa
Ebf3,Eumetazoa
Ebf2,Eumetazoa
Pkd1,Eumetazoa
Rgs4,Eukaryota
Ikzf3,Vertebrata
Ccng2,Eumetazoa
Uncx,Eumetazoa
Slc22a1,Euk+Bac
Tuft1,Vertebrata
Lfng,Eumetazoa
Reg3g,Eumetazoa
Gata2,Opisthokonta
Gcm2,Eumetazoa
Neurod4,Eumetazoa
Hdac1,Cellular_organisms
Insl3,Mammalia
Lhb,Vertebrata
Otp,Eumetazoa
Ptgds,Vertebrata
Ntn1,Eumetazoa
Nfatc2ip,Eumetazoa
Sod3,Cellular_organisms
Gclm,Opisthokonta
Cldn4,Vertebrata
Arx,Eumetazoa
Map3k5,Opisthokonta
Atn1,Vertebrata
Alx4,Eukaryota
Pitx3,Eumetazoa
Nedd9,Eumetazoa
Smad6,Eumetazoa
Bhlhe40,Vertebrata
Ebi3,Eumetazoa
Tnfsf11,Vertebrata
Smad7,Eumetazoa
E2f3,Eukaryota
Chek1,Eukaryota
Batf,Vertebrata
Slc6a6,Eumetazoa
Nrp2,Vertebrata
Abcc1,Euk+Bac
Pdyn,Vertebrata
Tcf21,Eumetazoa
Sema6a,Eumetazoa
Hsd3b6,Eumetazoa
Edil3,Eumetazoa
Bhmt,Euk+Bac
Notch2,Eukaryota
Fgf10,Eumetazoa
Rax,Eukaryota
Npc1,Eukaryota
Bmpr2,Eumetazoa
Angpt2,Vertebrata
Daxx,Eumetazoa
Zfpm1,Eumetazoa
Mdm4,Eumetazoa
Fgf15,Vertebrata
Axin1,Eumetazoa
Nr1i3,Eumetazoa
Anxa8,Eukaryota
Glp1r,Eumetazoa
Phox2b,Eumetazoa
Pnn,Eukaryota
St8sia2,Vertebrata
Noct,Eukaryota
Socs1,Vertebrata
Socs2,Eumetazoa
Socs3,Eumetazoa
Cflar,Vertebrata
Klf12,Vertebrata
Klf9,Eumetazoa
Cited2,Eumetazoa
Bcl2l1,Eumetazoa
Cops5,Eukaryota
Slc1a4,Cellular_organisms
Ascl2,Eumetazoa
Ccl25,Mammalia
Spib,Eumetazoa
Cdk5r2,Eumetazoa
Alox8,Euk+Bac
Fxn,Eukaryota
Aldh1a7,Euk+Bac
Elovl3,Eukaryota
Per1,Eumetazoa
Pbx2,Eukaryota
Pias3,Eukaryota
Mmp15,Eukaryota
Crx,Eumetazoa
Mafg,Eumetazoa
Eomes,Eumetazoa
Gjd2,Vertebrata
Tyrobp,Vertebrata
Itgb3,Eumetazoa
Dkk1,Eumetazoa
Nr1i2,Eumetazoa
Bcl2l11,Mammalia
Siva1,Eumetazoa
Smarce1,Eumetazoa
Cldn5,Eumetazoa
Per2,Eumetazoa
Prom1,Eumetazoa
Bnip3,Vertebrata
Nck2,Eumetazoa
Cxcl13,Mammalia
Dsg2,Vertebrata
Mmp10,Eukaryota
Cyp26a1,Euk+Bac
Acot1,Eumetazoa
Atp2a2,Eukaryota
Tlx3,Eumetazoa
Bcl2a1d,Vertebrata
Dmp1,Mammalia
Ldb2,Eumetazoa
Ilk,Euk+Bac
Cer1,Vertebrata
Hcrt,Vertebrata
Sigmar1,Eukaryota
Alx3,Eukaryota
Top3a,Cellular_organisms
Aif1,Eukaryota
Birc5,Opisthokonta
Foxq1,Eumetazoa
Atp9a,Eukaryota
Hmox2,Euk+Bac
Ehf,Eumetazoa
Mab21l1,Eumetazoa
Cidea,Vertebrata
Tbx15,Eumetazoa
Ppargc1a,Eumetazoa
Tert,Eukaryota
Fhl2,Eukaryota
Ccl19,Vertebrata
Pknox1,Eukaryota
Sp3,Vertebrata
Clcn7,Eukaryota
Hcn4,Eukaryota
Fgfbp1,Vertebrata
Pigr,Eumetazoa
Pdk4,Eukaryota
Col5a1,Eumetazoa
Cfdp1,Eukaryota
Grem2,Eumetazoa
Bcl6b,Eumetazoa
Ikbkb,Eumetazoa
Cacna1h,Eukaryota
Ccl22,Mammalia
Foxl2,Eumetazoa
Tnfrsf17,Mammalia
Nsd1,Eukaryota
Plin4,Mammalia
Dnmt3a,Eumetazoa
Dll3,Mammalia
Ddc,Euk+Bac
Cldn2,Eumetazoa
Axin2,Eumetazoa
Hnrnpa2b1,Eukaryota
Aff1,Vertebrata
Pglyrp1,Euk+Bac
Lmx1b,Eumetazoa
Foxh1,Eumetazoa
Parg,Eukaryota
Ifitm5,Vertebrata
Lect2,Eumetazoa
Dcx,Eumetazoa
St3gal5,Vertebrata
Best1,Eumetazoa
Sh2d1a,Opisthokonta
Pias1,Eukaryota
Soat2,Eukaryota
Zbtb7a,Opisthokonta
Msc,Eumetazoa
Nfatc1,Vertebrata
Cyp8b1,Cellular_organisms
Abcd4,Euk+Bac
Robo1,Eumetazoa
Cdc6,Eukaryota
Coro1a,Eukaryota
Klf10,Opisthokonta
Ccl20,Vertebrata
Fgf18,Eumetazoa
Kcnn4,Eukaryota
Casp8,Eumetazoa
Cyp1a1,Euk+Bac
Cyp1a2,Euk+Bac
Dhfr,Euk+Bac
Odc1,Cellular_organisms
Fos,Eumetazoa
Myc,Eumetazoa
Egf,Vertebrata
Ngf,Eumetazoa
Pomc,Vertebrata
Cga,Vertebrata
Ins1,Vertebrata
Ins2,Vertebrata
Ifnb1,Vertebrata
Ifng,Vertebrata
Il1a,Mammalia
Il3,Mammalia
Csf2,Mammalia
Il2ra,Mammalia
Cd8a,Vertebrata
Thy1,Vertebrata
H2-K1,Vertebrata
Hbb-b1,Mammalia
Hbb-y,Vertebrata
Prm1,Mammalia
Col4a1,Opisthokonta
Lamb1,Eumetazoa
Afp,Vertebrata
Mt1,Mammalia
Hoxa7,Vertebrata
Hoxa3,Eumetazoa
Mycn,Opisthokonta
Gfap,Eukaryota
Fabp4,Eumetazoa
Tk1,Cellular_organisms
Cfb,Eumetazoa
Gzmb,Eumetazoa
Tgfb1,Eumetazoa
H2-Eb1,Vertebrata
Cd3d,Vertebrata
Crygd,Vertebrata
Il2,Mammalia
Mbp,Vertebrata
Il5,Mammalia
Wnt1,Eumetazoa
Prnp,Vertebrata
Nppa,Vertebrata
Src,Eukaryota
Fgf3,Eumetazoa
Ly6a,Vertebrata
Itgam,Eumetazoa
Pdgfrb,Vertebrata
Jun,Eumetazoa
Krt18,Eumetazoa
Myl1,Opisthokonta
Ldha,Cellular_organisms
Ren1,Eukaryota
Cd4,Vertebrata
Apoa4,Vertebrata
Abcb1b,Eukaryota
Ctsl,Eukaryota
Hoxa4,Eumetazoa
Ptprc,Vertebrata
Me1,Cellular_organisms
Enpp1,Eukaryota
Tnf,Vertebrata
Gap43,Vertebrata
Plau,Vertebrata
Myb,Eukaryota
Csf1,Vertebrata
Tyrp1,Vertebrata
Sparc,Eumetazoa
Ckm,Euk+Bac
Epo,Vertebrata
Ifna4,Vertebrata
Tyms,Euk+Bac
Alb,Vertebrata
Il4,Mammalia
Prm2,Mammalia
Egr1,Opisthokonta
Ltf,Mammalia
Col4a2,Opisthokonta
Egr2,Opisthokonta
Apoe,Vertebrata
Il6,Vertebrata
Nefl,Eukaryota
Krt13,Eumetazoa
Hoxa5,Eumetazoa
Hoxb6,Vertebrata
Hoxc8,Vertebrata
Hoxb3,Eukaryota
Hoxd3,Eukaryota
Pgk2,Cellular_organisms
Lif,Vertebrata
En1,Eumetazoa
En2,Eumetazoa
Hoxb5,Vertebrata
Pax1,Eumetazoa
Cck,Vertebrata
Alpl,Cellular_organisms
Junb,Eumetazoa
Fth1,Cellular_organisms
Igf2,Vertebrata
Csf1r,Vertebrata
Hoxa9,Eukaryota
Hoxb8,Vertebrata
Sod2,Cellular_organisms
Ctla4,Vertebrata
Cdh1,Vertebrata
Dntt,Cellular_organisms
Csf3,Vertebrata
Hoxb2,Eumetazoa
Ubc,Eukaryota
Zfp26,Opisthokonta
Myod1,Eumetazoa
Ccl2,Mammalia
Il7,Vertebrata
Hoxb4,Eumetazoa
Bcl2,Opisthokonta
Csn2,Mammalia
Hoxd4,Vertebrata
Hoxc6,Eukaryota
Gsta2,Eukaryota
Il1b,Vertebrata
Zfp13,Opisthokonta
Cd14,Vertebrata
Prf1,Vertebrata
Slc3a2,Euk+Bac
Tnp1,Mammalia
Cxcl2,Mammalia
Spp1,Mammalia
Col1a1,Eumetazoa
Parp1,Eukaryota
Lpl,Eumetazoa
Mpo,Euk+Bac
Fn1,Vertebrata
Tyr,Eumetazoa
Fgf4,Vertebrata
Cdk1,Eukaryota
Dmd,Opisthokonta
Cd1d1,Vertebrata
Cd1d2,Vertebrata
L1cam,Eumetazoa
Lcn2,Vertebrata
Krt8,Eukaryota
Itga5,Eumetazoa
Cyp2d9,Eukaryota
Agt,Vertebrata
Gas2,Eumetazoa
Itpr1,Opisthokonta
Cd79a,Mammalia
App,Eumetazoa
Mdk,Eumetazoa
Timp1,Eumetazoa
Ucp1,Eukaryota
Serpinb2,Cellular_organisms
Tshb,Eumetazoa
Rapsn,Eumetazoa
Fabp1,Vertebrata
Cyp2b9,Eukaryota
Cyp2b10,Mammalia
Nr4a1,Eumetazoa
Cxcl1,Mammalia
Myog,Eumetazoa
Fosb,Vertebrata
Cd5,Vertebrata
Rb1,Eukaryota
Scd1,Euk+Bac
Gnrh1,Vertebrata
Ncam1,Eumetazoa
Icam1,Mammalia
Gsta1,Euk+Bac
Dnmt1,Cellular_organisms
Atp1b1,Eumetazoa
C1qb,Vertebrata
Slc2a4,Euk+Bac
Calr,Eukaryota
Gypa,Mammalia
Slc2a2,Euk+Bac
Mecom,Eumetazoa
H2-Aa,Vertebrata
H2-Ab1,Vertebrata
Hspb1,Eumetazoa
Il1rl1,Eumetazoa
Epor,Vertebrata
Crp,Vertebrata
Map1b,Eumetazoa
Hmox1,Euk+Bac
Ets2,Eumetazoa
Jund,Eumetazoa
Ifi204,Mammalia
Glul,Euk+Bac
Cdh2,Vertebrata
Insr,Eumetazoa
Il9,Mammalia
Ifngr1,Vertebrata
Thbd,Vertebrata
Irf1,Vertebrata
Myf6,Eumetazoa
Cyp2a4,Eukaryota
Rho,Eumetazoa
Prph2,Eumetazoa
Gstm2,Euk+Bac
Tcf3,Eumetazoa
Rag1,Vertebrata
Lgals1,Vertebrata
Prkce,Eukaryota
Met,Eumetazoa
Ldhb,Cellular_organisms
Blk,Vertebrata
Il2rb,Vertebrata
Gabra6,Eumetazoa
Il7r,Vertebrata
Fes,Eumetazoa
Ghr,Vertebrata
Atf2,Eumetazoa
Zfx,Vertebrata
Hmga1,Vertebrata
Tgfb3,Eumetazoa
Eno1,Cellular_organisms
Eno2,Cellular_organisms
Pou4f1,Eumetazoa
Spi1,Vertebrata
Cxcl10,Mammalia
Tph1,Eumetazoa
Gata1,Opisthokonta
Slc2a1,Euk+Bac
Hspa1b,Eukaryota
Pcna,Euk_Archaea
Hoxb1,Eumetazoa
Cdx1,Eumetazoa
Npr1,Euk+Bac
Sell,Eumetazoa
Cxcl9,Mammalia
Bsg,Eumetazoa
Sdc1,Eumetazoa
Il10,Vertebrata
Rarg,Vertebrata
Krt19,Vertebrata
Cr2,Eumetazoa
Ar,Vertebrata
Fasn,Euk+Bac
Tnnc1,Eumetazoa
Lama1,Eukaryota
Gstp1,Euk+Bac
Csn1s1,Mammalia
Serpinh1,Vertebrata
Cox4i1,Eumetazoa
Esr1,Eumetazoa
Mgp,Vertebrata
Hspa5,Eukaryota
Pdgfa,Vertebrata
Id1,Eumetazoa
Prdx3,Euk+Bac
Il13,Mammalia
Vim,Eumetazoa
Pou5f1,Mammalia
F3,Vertebrata
Map2,Eumetazoa
Sag,Opisthokonta
Fcer1a,Mammalia
Ms4a2,Mammalia
Fcer1g,Vertebrata
Bmp6,Eumetazoa
Igll1,Vertebrata
Cyp2a5,Euk+Bac
Il5ra,Vertebrata
Bmp2,Eumetazoa
Bmp4,Eumetazoa
Akr1b7,Euk+Bac
Abcb4,Euk+Bac
Abcb1a,Eukaryota
Gpx5,Euk+Bac
Rag2,Vertebrata
Fgfr2,Vertebrata
Ache,Eumetazoa
Sftpc,Mammalia
Cd72,Mammalia
Pou3f1,Eumetazoa
Penk,Vertebrata
Tal1,Eumetazoa
Zfp42,Eukaryota
Il6ra,Eumetazoa
Gadd45b,Vertebrata
Hnf1a,Eumetazoa
Myd88,Eumetazoa
Edn1,Vertebrata
Ptgs1,Eukaryota
Wt1,Opisthokonta
Rarb,Eumetazoa
Cd3e,Vertebrata
Cbl,Opisthokonta
Wnt4,Eumetazoa
Wnt5a,Eumetazoa
Serpine1,Cellular_organisms
Pthlh,Vertebrata
Zfp36,Vertebrata
Hmbs,Cellular_organisms
Crabp2,Vertebrata
Furin,Eukaryota
Ppara,Vertebrata
Gja1,Eumetazoa
Bmp7,Eumetazoa
Pde6b,Opisthokonta
Pnp,Euk+Bac
Irf8,Eumetazoa
Nfya,Eukaryota
Gata3,Opisthokonta
Glb1,Euk+Bac
Pcgf2,Eukaryota
Mdm2,Eumetazoa
Gria2,Eumetazoa
Irf2,Eumetazoa
Cryab,Eumetazoa
Cat,Euk+Bac
Wnt7a,Eumetazoa
Pmp2,Eumetazoa
Th,Eumetazoa
Aldh1a1,Euk+Bac
Tec,Eukaryota
Pax3,Eumetazoa
Cryaa,Vertebrata
Myf5,Eumetazoa
Ccnb1,Eukaryota
Il1rn,Vertebrata
Mcm3,Euk_Archaea
Ndn,Mammalia
Ccnd1,Vertebrata
Pou2f1,Eumetazoa
Fas,Vertebrata
Timp2,Eumetazoa
Nfkb1,Eumetazoa
Bmi1,Eukaryota
Cd19,Mammalia
Fcgr1,Eumetazoa
Mgmt,Cellular_organisms
Klkb1,Eumetazoa
Fli1,Eumetazoa
Ptma,Vertebrata
Cftr,Eukaryota
Pik3r1,Eumetazoa
Pdgfra,Vertebrata
Twist1,Eumetazoa
Tgfb2,Eumetazoa
Amh,Vertebrata
Wnt3a,Eumetazoa
Cd40,Vertebrata
Map4,Eumetazoa
Mpz,Vertebrata
Ets1,Eumetazoa
Xrcc5,Eukaryota
Lipc,Eumetazoa
Crem,Eumetazoa
Lef1,Eumetazoa
Cyp17a1,Eumetazoa
Lyl1,Eumetazoa
Klrb1c,Eumetazoa
Hnf1b,Eumetazoa
Cebpb,Vertebrata
Wnt7b,Eumetazoa
H2-DMa,Vertebrata
Gjc1,Eumetazoa
Gja4,Eumetazoa
Etv4,Eumetazoa
Apex1,Cellular_organisms
Col2a1,Eumetazoa
Dusp1,Eukaryota
Max,Opisthokonta
Cyp19a1,Eumetazoa
Rxra,Eumetazoa
Rxrb,Eumetazoa
Kif2a,Eukaryota
Ptpn6,Eukaryota
Nos2,Euk+Bac
Vcam1,Eumetazoa
Agtr1a,Eumetazoa
Vtn,Vertebrata
Dct,Eumetazoa
Msr1,Eumetazoa
Ccnb2,Eukaryota
Ccnd2,Eumetazoa
Cdk4,Eukaryota
Adra2b,Eumetazoa
Ahr,Eumetazoa
Hmgb2,Eukaryota
Lhcgr,Eumetazoa
Sstr2,Eumetazoa
Ccl5,Vertebrata
Des,Eukaryota
Hoxa2,Vertebrata
Rbpj,Opisthokonta
Hoxa10,Eumetazoa
Hoxa11,Vertebrata
Gsx2,Eumetazoa
Prkar2b,Euk+Bac
Pou3f2,Eumetazoa
Pou3f3,Eumetazoa
Pou2f3,Eumetazoa
Notch4,Eukaryota
S100a9,Vertebrata
Akt1,Eukaryota
Areg,Vertebrata
Slc2a3,Euk+Bac
Ssb,Eukaryota
Pax2,Eumetazoa
Pax4,Eumetazoa
Oprd1,Eumetazoa
Meox2,Eumetazoa
Nectin2,Eumetazoa
Vip,Vertebrata
Kras,Eukaryota
Cdh15,Vertebrata
Nr5a1,Eumetazoa
Mmp2,Eumetazoa
Mmp13,Vertebrata
Proc,Euk+Bac
Pola1,Cellular_organisms
Apoc3,Mammalia
Guca2a,Mammalia
Fpr1,Eumetazoa
Tfap2a,Eumetazoa
Ptk2,Eumetazoa
Mif,Eukaryota
Mmp12,Mammalia
Htr2c,Eumetazoa
Reg3b,Eumetazoa
Sftpa1,Eumetazoa
Rab18,Eukaryota
Icam2,Mammalia
Cxcr2,Vertebrata
Fshr,Eumetazoa
Ppard,Eumetazoa
Tpo,Euk+Bac
Hes1,Eumetazoa
Oxt,Vertebrata
Avp,Vertebrata
Plaur,Mammalia
Ret,Eumetazoa
Irs1,Eumetazoa
Foxa1,Eumetazoa
Foxa2,Eumetazoa
Foxa3,Mammalia
Ddit3,Vertebrata
Sox5,Eumetazoa
H2-DMb1,Vertebrata
Ptpn1,Eukaryota
Folr1,Eumetazoa
Flt4,Vertebrata
Kdr,Vertebrata
Fmr1,Opisthokonta
Flt1,Eumetazoa
Btk,Eukaryota
Fgf7,Eumetazoa
Tap2,Euk+Bac
Cpox,Euk+Bac
Bmpr1b,Eukaryota
Fgf8,Eumetazoa
Pparg,Vertebrata
Thrb,Eumetazoa
Tagln,Eukaryota
Hmgcl,Euk+Bac
Hsf1,Eukaryota
Dnm1,Eukaryota
Grik2,Eukaryota
Tjp1,Eumetazoa
Cdkn1a,Eumetazoa
Timp3,Eumetazoa
Chd1,Eukaryota
Csf3r,Vertebrata
Cxcl12,Vertebrata
Vhl,Eumetazoa
Tfam,Eumetazoa
Sox6,Eumetazoa
Sox7,Eumetazoa
Nppb,Vertebrata
Dlx2,Eumetazoa
Pnmt,Eumetazoa
Id3,Eumetazoa
Id2,Eumetazoa
Id4,Eumetazoa
Ltb,Vertebrata
Lep,Vertebrata
Etv1,Eumetazoa
Bcl6,Eumetazoa
Kdm5c,Eukaryota
Abca1,Eukaryota
Mmp9,Vertebrata
Slc11a1,Euk+Bac
Pbx1,Eukaryota
Elk1,Eumetazoa
Elk3,Eumetazoa
Cd86,Eumetazoa
Stat1,Vertebrata
Stat3,Vertebrata
Stat4,Vertebrata
Stat5b,Eukaryota
Pik3ca,Eukaryota
Nkx2-5,Eumetazoa
Nkx2-2,Eumetazoa
Pura,Eukaryota
Dpagt1,Eukaryota
Slc1a2,Cellular_organisms
Nodal,Eumetazoa
Gdf5,Eumetazoa
Hhex,Eukaryota
Nr2f2,Eumetazoa
Nr2f6,Eumetazoa
Cdx2,Eumetazoa
Sox15,Mammalia
Egr3,Opisthokonta
Tlx1,Eumetazoa
Dck,Eukaryota
Il12a,Vertebrata
Il12b,Vertebrata
Sox18,Vertebrata
Plin2,Eumetazoa
Akr1b8,Euk+Bac
Nr5a2,Eumetazoa
Crebbp,Eukaryota
Acadm,Cellular_organisms
Syt1,Eumetazoa
Klf1,Mammalia
Cdkn1b,Eumetazoa
Gstp2,Euk+Bac
Zic1,Eumetazoa
Yap1,Eumetazoa
Pax7,Eumetazoa
Pla2g4a,Opisthokonta
Aldh3a1,Euk+Bac
Tnfrsf4,Vertebrata
Cnr1,Eumetazoa
Ccr7,Vertebrata
Gli1,Eumetazoa
Wee1,Eukaryota
Mapk14,Eukaryota
Il11,Vertebrata
Igfbp1,Vertebrata
Igfbp2,Vertebrata
Igfbp6,Vertebrata
Fosl2,Eumetazoa
Gbx2,Vertebrata
Vdr,Eumetazoa
Ccl11,Mammalia
Tead2,Opisthokonta
Gadd45a,Vertebrata
Gad1,Cellular_organisms
Il15,Vertebrata
Rfx1,Opisthokonta
Rfx2,Opisthokonta
Rfx3,Opisthokonta
Sox2,Eumetazoa
Prox1,Eumetazoa
Gdnf,Vertebrata
Wnt11,Eumetazoa
Lmna,Eumetazoa
Ndp,Eumetazoa
Brca1,Eumetazoa
Fosl1,Eumetazoa
Gast,Mammalia
Ptx3,Vertebrata
Tdo2,Euk+Bac
Slc25a4,Eukaryota
Cdc25a,Eukaryota
Mybl2,Eukaryota
Atoh1,Eumetazoa
Neurod6,Eumetazoa
Ivl,Mammalia
Alox5,Euk+Bac
Nr2c2,Eumetazoa
Rbp3,Euk+Bac
Epb42,Vertebrata
Clec10a,Eumetazoa
Ppm1a,Eukaryota
Chrna7,Eumetazoa
Pcyt1a,Eukaryota
Cdk5,Eukaryota
Hnf4a,Eumetazoa
Hcls1,Opisthokonta
Mcm5,Euk_Archaea
Pgf,Mammalia
Vegfb,Mammalia
Psen1,Eukaryota
Cav1,Eumetazoa
Sult1e1,Mammalia
Cdkn1c,Vertebrata
Hoxc13,Vertebrata
Nkx2-1,Eumetazoa
Cxcl5,Mammalia
Cd7,Vertebrata
Ltbr,Mammalia
Acrv1,Mammalia
Nat2,Euk+Bac
Sftpd,Eumetazoa
Sftpb,Eukaryota
Csrp3,Eukaryota
Atp6v1e1,Eukaryota
Mxd1,Eumetazoa
Mxi1,Eumetazoa
Tnfsf10,Eumetazoa
Tspo,Cellular_organisms
Fabp6,Eumetazoa
Mip,Eukaryota
Rora,Eumetazoa
Rorc,Eumetazoa
Opn1sw,Vertebrata
Star,Vertebrata
Xpc,Eukaryota
Cav3,Eumetazoa
Gpc4,Eumetazoa
Hsd11b2,Euk+Bac
Myl2,Eukaryota
Ccl9,Mammalia
Hdgf,Vertebrata
Tdgf1,Vertebrata
Fabp7,Eumetazoa
Apod,Euk+Bac
Matn1,Eumetazoa
Ccna2,Eukaryota
Mybl1,Eukaryota
Sqle,Eukaryota
Kpna2,Eukaryota
Jak1,Vertebrata
Upp1,Cellular_organisms
Stat6,Vertebrata
Gck,Euk+Bac
Efna1,Eumetazoa
Sult1a1,Mammalia
Hmga2,Vertebrata
Pdx1,Vertebrata
Lbx1,Eukaryota
Osm,Mammalia
Nudt1,Euk+Bac
Cux1,Eukaryota
Cebpa,Eumetazoa
Cebpz,Eukaryota
Pklr,Cellular_organisms
Mmp14,Eumetazoa
Arnt,Eumetazoa
Lhx4,Eukaryota
Dnajc2,Eukaryota
Fgf9,Eumetazoa
Stmn1,Eumetazoa
Eln,Vertebrata
Bglap3,Vertebrata
Ephb2,Opisthokonta
Mafb,Eumetazoa
Maf,Eumetazoa
Nrl,Eumetazoa
Hmgcs2,Cellular_organisms
Pltp,Eukaryota
Gcg,Vertebrata
Ctsk,Eukaryota
Cdkn2b,Euk+Bac
Cdh5,Vertebrata
Cdh11,Vertebrata
Entpd1,Eukaryota
Cidec,Vertebrata
Cox17,Eukaryota
Aqp2,Euk+Bac
Mc4r,Vertebrata
Agrp,Vertebrata
Irf5,Eumetazoa
Ucp3,Eukaryota
Cd38,Eumetazoa
Maz,Eumetazoa
Bace1,Eumetazoa
E2f2,Eukaryota
Fus,Eukaryota
Sesn1,Eukaryota
Hcrtr2,Eumetazoa
Klf16,Opisthokonta
Slc45a2,Eukaryota
Foxp2,Eumetazoa
Ripk2,Eukaryota
Slc12a3,Euk_Archaea
Asxl1,Eumetazoa
Sirt6,Cellular_organisms
Kdm2a,Opisthokonta
Sst,Vertebrata
Nanos3,Eumetazoa
Cdo1,Euk+Bac
Nrgn,Mammalia
Morf4l1,Eukaryota
Cirbp,Euk+Bac
Cks1b,Eukaryota
Fgf1,Eumetazoa
Drd2,Eumetazoa
Polr2f,Euk_Archaea
Rap2b,Vertebrata
Psme3,Eukaryota
Ostn,Vertebrata
Isl1,Eumetazoa
Rnd3,Vertebrata
Cdk5r1,Eumetazoa
Lmo4,Eumetazoa
Calm1,Eukaryota
Ube2h,Eukaryota
Ywhae,Eukaryota
Esrrg,Eumetazoa
Pou3f4,Eumetazoa
Acta2,Eukaryota
Rhob,Vertebrata
Hrk,Mammalia
Ran,Eukaryota
Gtf2b,Euk_Archaea
Ybx1,Vertebrata
Crabp1,Vertebrata
Rac1,Eukaryota
Prrx1,Eumetazoa
Tpt1,Eukaryota
Pcp4,Vertebrata
Thra,Eumetazoa
Eif4e,Eukaryota
Fgf17,Eumetazoa
Mapk1,Eukaryota
Barhl1,Eumetazoa
Pcsk1,Eumetazoa
Kcnj3,Euk+Bac
Actg2,Eukaryota
Ube2i,Eukaryota
Selenow,Eumetazoa
Rala,Eukaryota
Ppp2ca,Eukaryota
Actc1,Eukaryota
Acta1,Eukaryota
Hes5,Vertebrata
Zhx1,Eumetazoa
Serpinb5,Cellular_organisms
Slc10a2,Cellular_organisms
Six5,Mammalia
Lxn,Vertebrata
Adcyap1r1,Eumetazoa
Dcc,Eumetazoa
Hoxd13,Eumetazoa
Nfic,Eumetazoa
Nfix,Eumetazoa
Gpr143,Eumetazoa
Ctse,Eukaryota
Stra8,Eumetazoa
Hdac2,Cellular_organisms
Cux2,Eukaryota
Stim1,Opisthokonta
Has2,Euk+Bac
Nos3,Euk+Bac
Pitx1,Eukaryota
Tial1,Euk+Bac
Tbx1,Eumetazoa
Tbx3,Eumetazoa
Tbx4,Vertebrata
Tbx5,Eumetazoa
Tbx6,Eumetazoa
Gfi1,Eumetazoa
Smad1,Eumetazoa
Tank,Vertebrata
Gcm1,Eumetazoa
Ezh1,Eukaryota
Nfyc,Eukaryota
Ncoa1,Vertebrata
F7,Vertebrata
Shox2,Eumetazoa
Dlx5,Eumetazoa
Dlx6,Eumetazoa
Ucp2,Eukaryota
Slc8a1,Euk+Bac
Erbb2,Opisthokonta
Irf7,Vertebrata
Bid,Vertebrata
Erf,Eumetazoa
Cxcr4,Eumetazoa
Neurog1,Eumetazoa
Neurog3,Eumetazoa
Ldb1,Eumetazoa
Phex,Cellular_organisms
Irf3,Vertebrata
Casp3,Eumetazoa
Fbp2,Cellular_organisms
Wnt10a,Eumetazoa
Ciita,Opisthokonta
Otx1,Eumetazoa
Otx2,Vertebrata
Irx3,Eumetazoa
Ikzf2,Vertebrata
Atf1,Eumetazoa
Erg,Eumetazoa
Defb2,Mammalia
Sgcg,Opisthokonta
Sgca,Eumetazoa
Ccl21a,Mammalia
Bglap,Vertebrata
Bglap2,Vertebrata
Ccl21b,Mammalia
Mcl1,Vertebrata
Sfrp2,Eumetazoa
Bach1,Vertebrata
Nfatc3,Vertebrata
Mesp1,Vertebrata
Mcm2,Euk_Archaea
Mcm6,Euk_Archaea
Csrp2,Eukaryota
Csrp1,Eukaryota
Nrp1,Vertebrata
Etv6,Eumetazoa
Meis2,Eukaryota
Ncf4,Eumetazoa
Cdk2,Eukaryota
Il12rb2,Eumetazoa
Dspp,Mammalia
Frzb,Eumetazoa
Rgs16,Eukaryota
Irf6,Vertebrata
Nkx3-1,Vertebrata
Anpep,Cellular_organisms
Smad5,Eumetazoa
Prop1,Vertebrata
Npas1,Eumetazoa
Npas2,Eumetazoa
Snai2,Eumetazoa
Smad4,Eumetazoa
Pitx2,Eumetazoa
Epas1,Eumetazoa
Gata5,Opisthokonta
Gclc,Eukaryota
Smarcc1,Eukaryota
Shbg,Vertebrata
Fmo3,Euk+Bac
Nkx3-2,Eumetazoa
Gdf10,Eumetazoa
Cpt1a,Eumetazoa
Wbp1,Eumetazoa
Eya1,Eumetazoa
Cry1,Euk+Bac
Cxadr,Eumetazoa
Ihh,Eumetazoa
Pla2g6,Eukaryota
Adamts1,Eumetazoa
Nfib,Eumetazoa
Casp7,Eumetazoa
Jdp2,Eumetazoa
Lama4,Eumetazoa
Brca2,Eukaryota
Ung,Euk+Bac
Vegfd,Vertebrata
Vegfc,Eumetazoa
Dab2,Eumetazoa
Shc1,Opisthokonta
Pou2f2,Eumetazoa
Pou1f1,Eumetazoa
Pax8,Eumetazoa
Cebpd,Eumetazoa
Tcf7,Eumetazoa
Gabpb1,Euk+Bac
Gabpa,Eumetazoa
Il6st,Eumetazoa
Cd80,Eumetazoa
Apoa1,Vertebrata
Itga4,Eumetazoa
Sele,Opisthokonta
Rbp4,Vertebrata
Vegfa,Vertebrata
Yy1,Eukaryota
Axl,Opisthokonta
Grin2b,Eumetazoa
Selp,Mammalia
Creb1,Eumetazoa
Col1a2,Opisthokonta
Hmgcr,Euk_Archaea
Egfr,Opisthokonta
Sec23a,Eukaryota
Notch1,Eukaryota
Gnrhr,Eumetazoa
Cacna1c,Eukaryota
Ascl1,Eumetazoa
Snai1,Eumetazoa
Pdcd1,Vertebrata
Ctnnb1,Eumetazoa
Mtf2,Eumetazoa
Muc1,Mammalia
Nhlh1,Eumetazoa
Gsc,Eumetazoa
Nfia,Eumetazoa
Tpsab1,Euk+Bac
Epha4,Eumetazoa
Fgfr4,Vertebrata
Epha2,Vertebrata
Aplp1,Eumetazoa
Runx1,Eumetazoa
Thbs2,Eumetazoa
Msx2,Eumetazoa
Ccl7,Mammalia
Crisp3,Euk+Bac
Tff2,Eumetazoa
Kcnb1,Eumetazoa
Eif2ak2,Eukaryota
Rela,Eumetazoa
Btg2,Eumetazoa
Fxyd2,Mammalia
Cxcr5,Vertebrata
Nf1,Eukaryota
Emx2,Eumetazoa
Relb,Eumetazoa
Sox8,Eumetazoa
Sox14,Eumetazoa
Inha,Vertebrata
Acp5,Euk+Bac
Rac2,Eukaryota
Col10a1,Vertebrata
Cyp2e1,Mammalia
Sry,Opisthokonta
Ptgs2,Eukaryota
Gch1,Cellular_organisms
Dusp2,Eukaryota
Ncoa3,Eumetazoa
Xbp1,Eumetazoa
Hbegf,Vertebrata
Nr4a2,Eumetazoa
Scgb1a1,Mammalia
Prrx2,Eumetazoa
Atf4,Vertebrata
Sh3bp2,Eumetazoa
Sox4,Eumetazoa
Clu,Vertebrata
Siah1b,Eukaryota
Nr3c1,Vertebrata
Igfbp5,Eumetazoa
Map3k8,Euk+Bac
Serpine2,Cellular_organisms
Mtf1,Eumetazoa
Nfe2,Eumetazoa
Cdx4,Eumetazoa
Bax,Eumetazoa
Hgf,Eukaryota
Rad51,Euk_Archaea
Calb2,Eukaryota
Zbtb14,Opisthokonta
Sct,Mammalia
Ifi204,Mammalia
Tfdp1,Eukaryota
Runx2,Eumetazoa
Cd36,Eukaryota
Mitf,Eumetazoa
Fbln1,Eumetazoa
Ids,Euk+Bac
Rasl12,Eukaryota
Nlrp12,Opisthokonta
Ncf1,Opisthokonta
Slc7a1,Cellular_organisms
Dlk1,Eukaryota
B4galnt1,Eumetazoa
Glis3,Eumetazoa
Rfx5,Vertebrata
St18,Eumetazoa
Oprk1,Eumetazoa
Grm2,Eumetazoa
Myom2,Eumetazoa
Robo2,Eumetazoa
Trpm1,Opisthokonta
Arntl2,Eumetazoa
Cdon,Eumetazoa
Tcfl5,Vertebrata
Dnmt3b,Eukaryota
Zbtb38,Eumetazoa
Abl1,Euk+Bac
Fxyd5,Mammalia
Nono,Eumetazoa
Llgl2,Opisthokonta
Smarca4,Eukaryota
Tfb2m,Eumetazoa
Ccnd3,Eumetazoa
Pcsk2,Eukaryota
Nelfcd,Eukaryota
Ppm1d,Eumetazoa
Zfp277,Eukaryota
Crtc2,Eumetazoa
Adam8,Vertebrata
Srebf2,Eumetazoa
Runx3,Eumetazoa
Rara,Eumetazoa
Rnf141,Eumetazoa
Col5a2,Vertebrata
Pde4c,Eukaryota
Pex11a,Eukaryota
Flt3,Vertebrata
Ntrk1,Eukaryota
Brd4,Eukaryota
Adgrb1,Opisthokonta
Hivep2,Vertebrata
Fancc,Eumetazoa
Mylk3,Eukaryota
Hsd3b1,Euk+Bac
Tfap2c,Eumetazoa
Upf3b,Eukaryota
Hdac3,Cellular_organisms
Mmp7,Eukaryota
Snrpn,Eukaryota
Elane,Eumetazoa
Elf3,Eumetazoa
Zbtb16,Eumetazoa
Wap,Mammalia
Usf1,Opisthokonta
Plagl1,Eumetazoa
Eya2,Eumetazoa
Zscan10,Opisthokonta
Peg3,Eumetazoa
Ubtfl1,Mammalia
Nr1d1,Eumetazoa
Kdm5a,Eukaryota
Grem1,Eumetazoa
Spag6,Eukaryota
Ddx5,Eukaryota
Mcm7,Euk_Archaea
Ampd1,Eukaryota
Efnb2,Eumetazoa
Ckap2,Eumetazoa
Pax9,Eumetazoa
Heca,Eumetazoa
Zbtb2,Eumetazoa
Kcnip2,Eukaryota
Slc9a2,Cellular_organisms
Abl2,Vertebrata
Tet2,Eumetazoa
Scn8a,Eumetazoa
Slc27a5,Euk+Bac
Nlrp2,Eukaryota
Ece1,Cellular_organisms
Rc3h1,Eumetazoa
Dbi,Euk+Bac
Nr2c1,Eumetazoa
Six3,Eumetazoa
Fgf2,Eumetazoa
Ccr2,Vertebrata
Prnd,Mammalia
Trp53,Opisthokonta
Cebpg,Eumetazoa
Cenpj,Eukaryota
Thrap3,Vertebrata
Uhrf1bp1,Eukaryota
Ikzf1,Opisthokonta
Gls2,Euk+Bac
Sox9,Eumetazoa
Ezh2,Eukaryota
Igk,Opisthokonta
E2f8,Eukaryota
Retn,Mammalia
Col3a1,Opisthokonta
Tshz1,Vertebrata
Dtx1,Eumetazoa
Ehmt1,Eukaryota
Hnrnpa1,Eukaryota
Etv2,Mammalia
Tnk1,Eukaryota
Hnrnpk,Opisthokonta
Ppp1r13l,Vertebrata
Ttf2,Cellular_organisms
Kdm6b,Vertebrata
Mdc1,Euk+Bac
Igf2bp2,Opisthokonta
Phf12,Eumetazoa
Phb,Euk+Bac
Ewsr1,Vertebrata
Icos,Vertebrata
Ebf1,Eumetazoa
Acaca,Eukaryota
Myh4,Vertebrata
Myh1,Cellular_organisms
Vezf1,Eumetazoa
Chrne,Vertebrata
Brip1,Cellular_organisms
Ncoa4,Eumetazoa
Tnfsf15,Eumetazoa
Ncoa6,Eumetazoa
Ngb,Euk+Bac
Sin3a,Eukaryota
Nfatc2,Eumetazoa
Xrcc1,Eukaryota
Myl6,Opisthokonta
Adora1,Vertebrata
Adora2a,Eumetazoa
Adora2b,Eumetazoa
Epha5,Vertebrata
Grb2,Eumetazoa
Nr2f1,Eumetazoa
Prdm1,Opisthokonta
Nr1h4,Eumetazoa
Nr1h2,Eumetazoa
Skil,Eumetazoa
Hnrnpd,Eukaryota
Nr1d2,Eumetazoa
Itgae,Vertebrata
Fshb,Vertebrata
Pmel,Vertebrata
Tbx2,Eumetazoa
Slc27a1,Euk+Bac
Tcf4,Eumetazoa
Khdrbs1,Vertebrata
Igf1r,Opisthokonta
Ctf1,Vertebrata
Grb10,Eumetazoa
Atf3,Eumetazoa
Tnfaip3,Eumetazoa
Cldn11,Eumetazoa
Cdkn2c,Euk+Bac
Cdkn2d,Euk+Bac
Elf1,Eumetazoa
Nfkbib,Eukaryota
Klf4,Eumetazoa
Nfe2l2,Eumetazoa
Mertk,Opisthokonta
Cnot7,Eukaryota
Zbtb17,Vertebrata
Ppp1r1b,Vertebrata
Reln,Opisthokonta
Klf2,Vertebrata
Slc6a4,Eumetazoa
Neurod1,Eumetazoa
Reep5,Eukaryota
Olfr151,Mammalia
Dbp,Eumetazoa
Art1,Vertebrata
Pml,Mammalia
Meis1,Eukaryota
Pla2g7,Eukaryota
Klf3,Opisthokonta
Foxg1,Eumetazoa
Xiap,Eumetazoa
Cyp7b1,Opisthokonta
Adipoq,Vertebrata
Ppp2r5c,Eukaryota
Scarb1,Eukaryota
Ift20,Eukaryota
Ncoa2,Eumetazoa
Hand2,Eumetazoa
Sim1,Eumetazoa
Nr0b1,Eumetazoa
Usp17la,Eukaryota
Ei24,Eukaryota
Sim2,Eumetazoa
Foxf1,Eumetazoa
Prtn3,Eumetazoa
Il18r1,Vertebrata
Ptch1,Eukaryota
Nab1,Eumetazoa
Nab2,Eumetazoa
Ocln,Vertebrata
Ctcf,Eumetazoa
Gata6,Opisthokonta
Prdx2,Euk+Bac
Irf9,Eumetazoa
Scnn1a,Eumetazoa
Tsg101,Eukaryota
Hcfc1,Eukaryota
Psap,Eukaryota
Dyrk1a,Eukaryota
Nell2,Eumetazoa
Hif1a,Eumetazoa
Col11a1,Eumetazoa
Abcd2,Euk+Bac
Tcf12,Eumetazoa
Tfap2b,Eumetazoa
Apc,Eumetazoa
Six4,Eumetazoa
Slc6a3,Eumetazoa
Bad,Vertebrata
Foxd1,Eumetazoa
Mme,Cellular_organisms
Pde3b,Eukaryota
Vsx2,Eumetazoa
Hadh,Cellular_organisms
Ccna1,Eukaryota
Ccne1,Eukaryota
Smarcd1,Eukaryota
Tob1,Eumetazoa
Sox17,Eumetazoa
Msi1,Eukaryota
Cd55,Mammalia
Dll1,Eumetazoa
Dhh,Eumetazoa
Itm2a,Eumetazoa
E2f1,Eukaryota
E2f5,Eukaryota
Nt5e,Euk+Bac
Fbn2,Eumetazoa
Foxc1,Opisthokonta
Foxn1,Eumetazoa
Gli3,Eumetazoa
Gcgr,Vertebrata
Slc20a1,Cellular_organisms
Drd1,Eumetazoa
Utrn,Opisthokonta
Hr,Mammalia
Hesx1,Vertebrata
Foxj1,Opisthokonta
Tlx2,Eumetazoa
Hlx,Eumetazoa
Cbx5,Eukaryota
Ibsp,Vertebrata
Cd47,Vertebrata
Itga7,Eumetazoa
Itga6,Eumetazoa
Phgdh,Cellular_organisms
Kcna5,Vertebrata
Hsd3b4,Euk+Bac
Epha7,Vertebrata
Krt14,Eumetazoa
Creb3,Mammalia
Adam12,Eumetazoa
Madcam1,Vertebrata
Mafk,Eumetazoa
Mrc1,Eumetazoa
Foxc2,Eumetazoa
Prg2,Mammalia
Myh10,Eukaryota
Nnat,Mammalia
Notch3,Eukaryota
Pcbp2,Eukaryota
Postn,Cellular_organisms
Pdpn,Mammalia
Ctr9,Euk+Bac
Ptafr,Eumetazoa
Ptger2,Eumetazoa
Phox2a,Eumetazoa
Jak2,Eumetazoa
Jak3,Eumetazoa
Sin3b,Eukaryota
Ager,Mammalia
Sema3c,Vertebrata
Ttf1,Vertebrata
Birc2,Opisthokonta
Tgfb1i1,Eukaryota
Cish,Vertebrata
Shh,Eumetazoa
Nr0b2,Eumetazoa
Six1,Eumetazoa
Six2,Eumetazoa
Myom1,Euk+Bac
Thrsp,Eumetazoa
Syp,Eumetazoa
Tal2,Eumetazoa
Tead4,Opisthokonta
Tgfbr2,Eumetazoa
Jarid2,Eumetazoa
Trim28,Vertebrata
Trh,Mammalia
Ddr2,Eumetazoa
Tll1,Eumetazoa
Il17a,Mammalia
Atm,Eukaryota
Ccl12,Mammalia
Neurod2,Eumetazoa
Sorbs1,Opisthokonta
Sh3gl1,Eukaryota
Arid3a,Eumetazoa
Smad2,Eumetazoa
Ndrg1,Eukaryota
Tle4,Eumetazoa
Sp4,Eumetazoa
Spen,Eumetazoa
Zic2,Eumetazoa
Zic3,Eumetazoa
Zyx,Vertebrata
Mapk3,Eukaryota
Pou4f2,Eumetazoa
Pou4f3,Eumetazoa
Insm1,Eumetazoa
Nr2e1,Eumetazoa
Scx,Eumetazoa
Trim24,Vertebrata
Maoa,Euk+Bac
Tfdp2,Eukaryota
Dlx3,Vertebrata
Sf1,Eukaryota
Nhlh2,Eumetazoa
Cdk6,Eumetazoa
Htr1a,Eumetazoa
Hand1,Eumetazoa
Lefty1,Mammalia
Irf4,Eumetazoa
Omp,Vertebrata
Myl6,Eukaryota
Cd34,Vertebrata
Dlx1,Eumetazoa
Zeb1,Eumetazoa
Zbtb7b,Eumetazoa
Mc2r,Eumetazoa
Myo6,Opisthokonta
Syn2,Eumetazoa
Tbr1,Eumetazoa
Sqstm1,Eumetazoa
Abcg1,Opisthokonta
Cdkn2a,Mammalia
Fkbp5,Euk+Bac
Cd52,Mammalia
Cyp1b1,Eumetazoa
Ang2,Vertebrata
Cyp24a1,Euk+Bac
Gja3,Eumetazoa
Cyp2c29,Eukaryota
Cyp3a11,Cellular_organisms
Cyp7a1,Opisthokonta
Nqo1,Cellular_organisms
St8sia1,Eukaryota
Pou2af1,Vertebrata
Rbl2,Eukaryota
Rbl1,Eukaryota
Plk4,Eukaryota
Usf2,Eumetazoa
Col11a2,Eumetazoa
Retsat,Euk+Bac
Sp9,Eumetazoa
Nlrp1a,Opisthokonta
Bcl9l,Vertebrata
Crtc1,Eumetazoa
Adamts16,Eumetazoa
Acss1,Cellular_organisms
Gpam,Euk+Bac
Jmjd1c,Opisthokonta
Prdx6,Cellular_organisms
Herpud1,Eumetazoa
Smarca2,Eukaryota
Il31,Mammalia
Utf1,Mammalia
Pld2,Eukaryota
Hdac4,Vertebrata
Paxip1,Eukaryota
Spic,Eumetazoa
Ptpro,Eukaryota
Plk3,Eukaryota
Slc39a10,Eukaryota
Nes,Eukaryota
Smarcd3,Eukaryota
Bcr,Opisthokonta
Zfp157,Eumetazoa
Hltf,Euk+Bac
Amelx,Vertebrata
Chd4,Eukaryota
Auts2,Vertebrata
Rrm2b,Cellular_organisms
Sort1,Eukaryota
B3gat1,Eukaryota
Cebpe,Mammalia
Ddx58,Euk_Archaea
Rictor,Eukaryota
Tlr13,Eumetazoa
Tlr11,Eukaryota
Tbp,Euk_Archaea
Nostrin,Eumetazoa
Plagl2,Eumetazoa
Ube2k,Eukaryota
Slc39a14,Eukaryota
Mgat5b,Eumetazoa
Snd1,Eukaryota
Sox11,Eumetazoa
Tpr,Eukaryota
Usp17le,Eukaryota
Plppr4,Opisthokonta
Abcg2,Euk+Bac
Eras,Mammalia
Gria1,Eukaryota
Kif26b,Eumetazoa
Ldhd,Euk+Bac
Il17f,Eumetazoa
Dcstamp,Vertebrata
Rfx4,Opisthokonta
Stk40,Eumetazoa
Mybbp1a,Eukaryota
Olfr17,Vertebrata
Slc8a3,Eumetazoa
Helt,Eumetazoa
Prrc2a,Eumetazoa
Tns1,Eumetazoa
Nacc1,Vertebrata
Zeb2,Eumetazoa
Rere,Eumetazoa
Mfn2,Opisthokonta
Suz12,Eukaryota
Mxd3,Eumetazoa
Sox10,Vertebrata
Pygo2,Eumetazoa
Zfp819,Opisthokonta
Ell3,Mammalia
Esrrb,Eumetazoa
Pcsk9,Euk+Bac
Slc51b,Mammalia
Dmrt3,Eumetazoa
Csl,Euk+Bac
Eif4g3,Eukaryota
Llgl1,Eumetazoa
Hmgxb4,Eumetazoa
F12,Vertebrata
Dapk1,Eukaryota
Thbs1,Eumetazoa
Med23,Eukaryota
Trrap,Eukaryota
Tnc,Eukaryota
Nanog,Mammalia
Paqr7,Euk+Bac
Ifne,Vertebrata
Gtf2a2,Eukaryota
Jazf1,Opisthokonta
Bsx,Eumetazoa
Rps6ka1,Vertebrata
Cyp26b1,Euk+Bac
Pdk1,Eukaryota
P2ry10,Mammalia
Dusp4,Eukaryota
Dmrt2,Eumetazoa
Txnip,Vertebrata
Npas4,Eumetazoa
Insig1,Opisthokonta
Ostm1,Eumetazoa
Kctd13,Eukaryota
Bhlhe23,Eumetazoa
Napepld,Cellular_organisms
Depdc1b,Eumetazoa
Elovl5,Eukaryota
Txlng,Eukaryota
Mkx,Eumetazoa
Etv5,Eumetazoa
Srrm4,Vertebrata
Hes7,Vertebrata
Gcfc2,Eukaryota
Pdhx,Euk+Bac
Klf8,Eumetazoa
Lss,Euk+Bac
Arid5b,Eumetazoa
Npat,Vertebrata
Emsy,Eumetazoa
Sp8,Eumetazoa
Zbtb33,Eumetazoa
Nmnat2,Eukaryota
Mab21l2,Eumetazoa
Elmo1,Eukaryota
Hoxa3,Mammalia
Tsc1,Vertebrata
Nkx2-3,Eumetazoa
Slc18a2,Cellular_organisms
Rps6kb1,Eukaryota
Slc4a9,Mammalia
Smad3,Eumetazoa
Foxj3,Eumetazoa
Hlf,Eumetazoa
Plin5,Mammalia
Il33,Mammalia
Ptges2,Eukaryota
Sall4,Eumetazoa
Prdm8,Eumetazoa
Lmo3,Eumetazoa
Npsr1,Eumetazoa
Slc9a3,Mammalia
Wwp1,Eumetazoa
Rps6ka5,Eukaryota
Zhx2,Eumetazoa
Ing4,Eukaryota
Asrgl1,Cellular_organisms
Zhx3,Eumetazoa
Taf4b,Eumetazoa
Lgals3,Vertebrata
Hdac7,Cellular_organisms
Idh1,Euk+Bac
Zim1,Opisthokonta
Slc5a1,Euk+Bac
Gabrb3,Eumetazoa
Tnfrsf18,Vertebrata
Sfrp1,Eumetazoa
Nfyb,Eukaryota
Pias2,Eukaryota
Sp2,Vertebrata
Inpp5k,Eukaryota
Acacb,Eumetazoa
Zfp57,Opisthokonta
Lin9,Eukaryota
Ppp1r3b,Eumetazoa
Rcor2,Opisthokonta
Apoa5,Vertebrata
Myef2,Eukaryota
Itch,Vertebrata
Alx1,Eukaryota
Samd7,Eumetazoa
Dido1,Eumetazoa
Epc1,Eukaryota
Kcnmb1,Vertebrata
Gja5,Eumetazoa
Igf1,Vertebrata
Bcat1,Euk+Bac
Nrip1,Vertebrata
E4f1,Opisthokonta
Zfpm2,Eumetazoa
Riox2,Opisthokonta
Piezo2,Eukaryota
Smoc2,Eumetazoa
Dmtf1,Opisthokonta
Macc1,Eumetazoa
Panx3,Eumetazoa
Mafa,Eumetazoa
Irak2,Eukaryota
Dmrta1,Eumetazoa
Mef2c,Opisthokonta
Kcnv2,Vertebrata
Ngfr,Eumetazoa
Plin1,Eumetazoa
Tph2,Euk+Bac
Mmp28,Vertebrata
Tshz3,Vertebrata
Trim32,Euk+Bac
Phlpp1,Cellular_organisms
Kat5,Eukaryota
Steap3,Euk+Bac
Casz1,Eumetazoa
Plcg2,Eukaryota
Crh,Vertebrata
Ovol2,Eumetazoa
Vwf,Eumetazoa
Nox1,Eukaryota
Hmgcs1,Cellular_organisms
Mchr1,Eumetazoa
Tfb1m,Euk+Bac
Cdc73,Eukaryota
Bclaf1,Vertebrata
Akr1c18,Euk+Bac
Tbpl1,Eumetazoa
Pvr,Eumetazoa
Pde6a,Vertebrata
Gli2,Vertebrata
Zbtb20,Eumetazoa
Cnot3,Eukaryota
Nfatc4,Vertebrata
Hinfp,Eumetazoa
Unc5b,Eumetazoa
Klf11,Opisthokonta
Sdha,Cellular_organisms
Sirt5,Cellular_organisms
Il27,Mammalia
Foxn4,Eumetazoa
Lrrc10,Eukaryota
Lin28a,Euk+Bac
Pitrm1,Euk+Bac
Lgals4,Eumetazoa
Mta1,Eumetazoa
Il23r,Mammalia
Trib3,Eumetazoa
Ddx54,Eukaryota
Mepe,Mammalia
Onecut3,Eumetazoa
Amhr2,Vertebrata
Slc51a,Eumetazoa
Nectin4,Eumetazoa
Gtse1,Eumetazoa
E2f4,Eukaryota
Notum,Eukaryota
Pttg1ip,Eumetazoa
Batf2,Mammalia
Foxe1,Eumetazoa
Hbp1,Eumetazoa
Hexim1,Eumetazoa
Abca3,Eukaryota
Atxn7,Eumetazoa
Pappa,Eumetazoa
Sla2,Vertebrata
Stab1,Vertebrata
Etv3,Eumetazoa
Acmsd,Euk+Bac
Ifih1,Eumetazoa
Arl6ip5,Eumetazoa
C1qbp,Eukaryota
Wnt9a,Eumetazoa
Cadm1,Eumetazoa
Oscar,Mammalia
Banp,Eumetazoa
Fbxw7,Eukaryota
Ubc,Eukaryota
Gys2,Euk+Bac
Mavs,Vertebrata
Rfxap,Eumetazoa
Ces1d,Mammalia
Uhrf1,Eumetazoa
Elf5,Eumetazoa
Glis2,Eumetazoa
Atp1a1,Cellular_organisms
Nkd2,Eumetazoa
Taf12,Eukaryota
Ppargc1b,Vertebrata
Setd7,Eukaryota
Satb2,Vertebrata
Taf9,Eukaryota
Abcc2,Eukaryota
Mgarp,Vertebrata
Sp7,Vertebrata
Rest,Vertebrata
Sfpq,Eumetazoa
Havcr2,Vertebrata
Vsx1,Eumetazoa
Slc12a5,Euk_Archaea
Ppp1r14a,Vertebrata
Adipor1,Eukaryota
Lrp5,Vertebrata
Mgst1,Eumetazoa
Ncoa5,Eumetazoa
Hdac11,Euk+Bac
Adcy4,Eumetazoa
Ces2c,Euk+Bac
Elp2,Eukaryota
Cyp4a12a,Eukaryota
Dr1,Eukaryota
Nphs2,Cellular_organisms
S1pr5,Eumetazoa
Creb3l3,Eumetazoa
F11,Mammalia
Mapk8,Eumetazoa
Gjd3,Eumetazoa
Myh7,Cellular_organisms
Nrarp,Eumetazoa
Celsr3,Vertebrata
Tfap2d,Eumetazoa
Dmbx1,Eumetazoa
Lpin1,Eukaryota
Crebzf,Eumetazoa
Catsper1,Eumetazoa
Smarca5,Cellular_organisms
Lrp1,Eumetazoa
Hrh4,Eumetazoa
Scgb3a1,Mammalia
Scgb3a2,Mammalia
Brinp1,Eumetazoa
Med6,Eukaryota
Eed,Eukaryota
Mef2d,Eukaryota
Foxi1,Opisthokonta
Abhd14a,Cellular_organisms
Krt5,Eukaryota
Mmp3,Mammalia
Map3k7,Eukaryota
Sirt1,Euk+Bac
Slc5a2,Euk+Bac
Ppp1r16a,Eukaryota
Ferd3l,Eumetazoa
Ripply3,Eumetazoa
Cpt1b,Opisthokonta
Rnf144a,Eumetazoa
Trps1,Opisthokonta
Med1,Eumetazoa
Dach2,Eumetazoa
Il24,Vertebrata
Grip1,Eumetazoa
Edem1,Opisthokonta
Irak1,Eukaryota
Ddb2,Euk+Bac
Cdk9,Eukaryota
Klf7,Eumetazoa
Foxp3,Eumetazoa
Rap1b,Eukaryota
Tinagl1,Eukaryota
Epcam,Vertebrata
Nrf1,Eumetazoa
Psat1,Euk+Bac
Zfp64,Opisthokonta
Dctn2,Eukaryota
Nampt,Euk+Bac
Pagr1a,Eumetazoa
Bik,Mammalia
Ptdss1,Eukaryota
Pwp1,Eukaryota
Smtnl1,Eumetazoa
Nkx6-1,Eumetazoa
Tlr3,Eumetazoa
Tbx19,Eumetazoa
Bbc3,Mammalia
Srrt,Eukaryota
Mpv17l,Eukaryota
Ash1l,Opisthokonta
Mlxipl,Eumetazoa
Tac4,Mammalia
Raf1,Eukaryota
Srd5a2,Euk+Bac
Atoh8,Eumetazoa
Pbx4,Eukaryota
Sost,Eumetazoa
Gtf2a1,Eukaryota
Trim11,Eukaryota
Acsbg1,Euk+Bac
Bhlhe41,Vertebrata
Bcl11b,Eumetazoa
Kif17,Eukaryota
Prl,Vertebrata
Fbxo32,Eumetazoa
Myl9,Opisthokonta
Nepn,Vertebrata
Pdzk1ip1,Vertebrata
Rnf2,Eukaryota
Pttg1,Vertebrata
Sprr2a1,Mammalia
Map1lc3b,Eumetazoa
Ankrd1,Vertebrata
Rchy1,Eukaryota
Tnfrsf12a,Vertebrata
Smurf1,Eukaryota
Atxn3,Eukaryota
Abcc3,Euk+Bac
Smc3,Cellular_organisms
Glipr1,Euk+Bac
Mcm8,Euk_Archaea
Prdm5,Opisthokonta
Tmem50a,Eukaryota
Ilf2,Eumetazoa
Gins3,Eukaryota
Creld2,Opisthokonta
Trim13,Eukaryota
Elp3,Cellular_organisms
Twist2,Eumetazoa
Cdca7,Eukaryota
Psrc1,Mammalia
Nol3,Mammalia
Bcl9,Vertebrata
Batf3,Vertebrata
Creb3l4,Opisthokonta
Tmbim6,Eukaryota
Mobp,Mammalia
Kif12,Eukaryota
Fam3b,Vertebrata
Ddit4,Eumetazoa
Cul2,Eukaryota
Atp6v1e2,Eukaryota
Slc6a19,Eumetazoa
Fam162a,Eumetazoa
Nop56,Euk_Archaea
Med8,Eumetazoa
Ebna1bp2,Eukaryota
Evpl,Vertebrata
Slc22a17,Vertebrata
Mcts1,Euk_Archaea
Gtf2h1,Eukaryota
Dusp6,Eukaryota
Cyp27a1,Cellular_organisms
Tax1bp3,Eumetazoa
Wwp2,Eukaryota
Rgcc,Vertebrata
Heyl,Eumetazoa
Cbx6,Eumetazoa
Hmgn3,Vertebrata
Gstk1,Euk+Bac
Cox6a1,Eumetazoa
Rarres2,Vertebrata
Retnla,Mammalia
Fgf23,Vertebrata
Wwtr1,Eumetazoa
Mmp1a,Mammalia
Stard5,Eukaryota
Tcf20,Eumetazoa
Klf15,Opisthokonta
Tbx18,Eumetazoa
Il23a,Mammalia
Hamp,Mammalia
Dgcr8,Eumetazoa
Slc19a2,Eukaryota
Arr3,Opisthokonta
Olig2,Vertebrata
Ern1,Eukaryota
Barx1,Eumetazoa
Sall1,Opisthokonta
Tfcp2,Opisthokonta
Tbx20,Eumetazoa
Il21,Vertebrata
C1qtnf3,Eumetazoa
Inpp5d,Eukaryota
Fcgr3,Eumetazoa
Rb1cc1,Eumetazoa
Fgf16,Eumetazoa
Fgf20,Eumetazoa
Fezf2,Opisthokonta
Nfkbiz,Vertebrata
Gtf2i,Vertebrata
Cldn19,Eumetazoa
Elf2,Eumetazoa
Kat2b,Eukaryota
Gal3st1,Opisthokonta
Hes6,Eumetazoa
Tcirg1,Vertebrata
Rcan1,Eumetazoa
Cxcl11,Vertebrata
Mmp19,Eukaryota
Nox4,Eukaryota
Slc40a1,Eukaryota
Sp5,Eumetazoa
Dmap1,Eukaryota
Gtf2ird1,Vertebrata
Dll4,Vertebrata
Sgpp1,Eukaryota
Sphk2,Eukaryota
Tslp,Mammalia
Prmt1,Eukaryota
Slc15a1,Euk+Bac
Smad9,Eumetazoa
Slco1b2,Opisthokonta
Fgf21,Vertebrata
Akip1,Eumetazoa
Pxmp4,Eukaryota
Myoz2,Vertebrata
Klf13,Eumetazoa
Myoz1,Vertebrata
Pdk2,Eukaryota
Perp,Eumetazoa
Cend1,Vertebrata
Tbx21,Eumetazoa
Zbtb32,Mammalia
Trem1,Mammalia
Nectin1,Vertebrata
Cyp39a1,Eumetazoa
Tesc,Eukaryota
Olig1,Vertebrata
Irx5,Eumetazoa
Lmx1a,Eumetazoa
Aatf,Eukaryota
Lpar2,Eumetazoa
Sertad1,Vertebrata
Tef,Eumetazoa
Tgm1,Eumetazoa
Col5a3,Opisthokonta
Spag6,Eukaryota
Mtor,Eukaryota
Pias4,Eukaryota
Ptges,Euk+Bac
Pmaip1,Mammalia
Srf,Eukaryota
Cyp3a41a,Euk+Bac
Insm2,Eumetazoa
Chst11,Eumetazoa
Txnrd1,Cellular_organisms
Polk,Cellular_organisms
Glrx,Euk+Bac
Rhoa,Eukaryota
Fam89b,Eumetazoa
Acsl4,Eukaryota
Tlr4,Eumetazoa
Itga2b,Eumetazoa
Blnk,Vertebrata
Tlr2,Vertebrata
Dkk3,Vertebrata
Hey2,Eumetazoa
Cd5l,Mammalia
H2-Oa,Vertebrata
Sall2,Eumetazoa
Ptf1a,Eumetazoa
Fbp1,Cellular_organisms
Trp53inp1,Eumetazoa
Acss2,Cellular_organisms
Apbb1,Eumetazoa
Shroom3,Eumetazoa
Ing1,Eukaryota
Spry1,Vertebrata
Jag1,Opisthokonta
Nr2e3,Eumetazoa
Foxe3,Mammalia
Pkp3,Vertebrata
Abcb11,Eumetazoa
Dach1,Eumetazoa
Add2,Euk+Bac
Add1,Euk+Bac
Bhlha15,Eumetazoa
Plag1,Eumetazoa
Bcl11a,Eumetazoa
Rnf11,Eukaryota
Rnd2,Eumetazoa
Esm1,Vertebrata
Tollip,Opisthokonta
Six6,Eumetazoa
Dmrt1,Vertebrata
Cyp11a1,Euk+Bac
Nr4a3,Eumetazoa
Clnk,Eumetazoa
Tnfrsf10b,Vertebrata
Hipk2,Eukaryota
Nphs1,Eumetazoa
Hrc,Mammalia
Atp11c,Vertebrata
Mnx1,Eumetazoa
Srr,Cellular_organisms
Mvk,Cellular_organisms
Angptl2,Eumetazoa
Vav3,Eukaryota
Plod1,Vertebrata
Comp,Eumetazoa
Hsf4,Eukaryota
Dlc1,Eumetazoa
Cdh17,Eumetazoa
Mta2,Eumetazoa
Cry2,Euk+Bac
Foxo1,Eumetazoa
Cetn2,Eukaryota
Muc2,Eumetazoa
Mast1,Eukaryota
Lhx6,Eumetazoa
Abcc6,Eukaryota
Calcrl,Eumetazoa
Tapbp,Vertebrata
Ovol1,Opisthokonta
Nupr1,Eumetazoa
Nfkb2,Eukaryota
Arntl,Eumetazoa
Nfe2l3,Eumetazoa
Ruvbl2,Euk_Archaea
Ggps1,Euk_Archaea
Srebf1,Eumetazoa
Vax2,Vertebrata
Akap12,Eukaryota
Slc7a11,Euk+Bac
Phf2,Opisthokonta
Scn8a,Vertebrata
Usp18,Vertebrata
Rlim,Vertebrata
Tfec,Vertebrata
Prkra,Eumetazoa
Aqp5,Euk+Bac
Ptpn4,Eumetazoa
Scnn1g,Eumetazoa
Ncor2,Eukaryota
Tnfsf13b,Vertebrata
Prodh,Eukaryota
Dctn6,Eukaryota
Clcnkb,Cellular_organisms
Wnt8b,Eumetazoa
Egr4,Vertebrata
Casp8ap2,Vertebrata
Lhx9,Eumetazoa
Mixl1,Eukaryota
Zbtb18,Eumetazoa
Pdcd1lg2,Eumetazoa
Coro1b,Eukaryota
Ccr9,Eumetazoa
Rbmx,Eukaryota
Ankrd2,Vertebrata
Asah1,Opisthokonta
Gsk3b,Eukaryota
Hey1,Eumetazoa
Bub3,Eukaryota
Tle2,Mammalia
Sgk1,Eukaryota
Aicda,Vertebrata
Osr1,Opisthokonta
Foxo4,Opisthokonta
Foxo3,Eumetazoa
Fbln5,Vertebrata
Mapk8ip1,Eumetazoa
Stat2,Eukaryota
Cxcl15,Vertebrata
Cx3cr1,Vertebrata
Gbp2,Eukaryota
Ch25h,Eumetazoa
Cldn3,Opisthokonta
Reck,Eumetazoa
Nos1,Euk+Bac
Gdf15,Vertebrata
Slurp1,Mammalia
Vnn1,Eukaryota
Pth,Vertebrata
Sufu,Eumetazoa
Lhx2,Eumetazoa
Itgb6,Eumetazoa
Kcnd2,Eumetazoa
Nr1h3,Eumetazoa
Skp2,Opisthokonta
Klf5,Eumetazoa
Creb3l1,Eumetazoa
Pf4,Mammalia
Slc7a5,Euk+Bac
Ehmt2,Eukaryota
Setbp1,Vertebrata
G6pc2,Eumetazoa
Mad2l1,Eukaryota
Nfkbia,Eumetazoa
Rs1,Vertebrata
Mecom,Eumetazoa
Arid3b,Eumetazoa
Angptl4,Vertebrata
Apom,Vertebrata
Deaf1,Eumetazoa
Atp12a,Cellular_organisms
Stk39,Eukaryota
Ilf3,Eumetazoa
Rfxank,Eumetazoa
Dpp6,Euk+Bac
Fxyd1,Vertebrata
Aebp2,Eumetazoa
Cldn7,Vertebrata
Chek2,Eukaryota
Rlbp1,Eukaryota
Rgr,Eumetazoa
Mecp2,Vertebrata
Mbd3,Eumetazoa
Mbd2,Eumetazoa
Mbd1,Vertebrata
Atoh7,Vertebrata
Bcl3,Eukaryota
Htatip2,Euk+Bac
Robo3,Eumetazoa
Tsc22d3,Eumetazoa
Elf4,Eumetazoa
Pck1,Cellular_organisms
Keap1,Eukaryota
Slc25a20,Eukaryota
Gfpt2,Cellular_organisms
