Tf,distance
Kctd13,Vertebrata
Mapk3,Vertebrata
Clcn7,Eukaryota
Llgl1,Eukaryota
Smurf1,Vertebrata
Ccl12,Rodentia
Ccl11,Mammalia
Lrrc10,Vertebrata
Thbd,Vertebrata
Scgb3a1,Mammalia
Bbc3,Rodentia
Ripply3,Vertebrata
Mtor,Eukaryota
Ampd1,Eukaryota
E2f1,Eukaryota
Itch,Vertebrata
Vdr,Eumetazoa
Hdac7,Vertebrata
Klf15,Eumetazoa
Bcl2l1,Opisthokonta
Gata5,Vertebrata
Peg3,Mammalia
Plagl2,Vertebrata
Plagl1,Mammalia
Ctcfl,Amniota
Zfp384,Vertebrata
Mdc1,Opisthokonta
Pvr,Mammalia
Nectin2,Eumetazoa
Pou2f2,Vertebrata
Erf,Eumetazoa
Cd79a,Vertebrata
Lipe,Vertebrata
Bcl3,Eumetazoa
Drd2,Eumetazoa
Xrcc1,Vertebrata
Usf2,Vertebrata
Ifngr1,Vertebrata
Myom3,Opisthokonta
Pou3f1,Opisthokonta
Pou5f1,Opisthokonta
Thrap3,Vertebrata
Stk40,Opisthokonta
Csf3r,Vertebrata
Mtf1,Eukaryota
Pax3,Vertebrata
Rc3h1,Eumetazoa
Tal1,Vertebrata
Il12a,Vertebrata
Plk3,Vertebrata
Aire,Vertebrata
Ltf,Vertebrata
Tbx6,Opisthokonta
Maz,Vertebrata
Pagr1a,Vertebrata
Pagr1a,Vertebrata
Tgfb1i1,Vertebrata
Erbb2,Vertebrata
Ngfr,Vertebrata
Zfp281,Vertebrata
Tlr13,Muridae
Rbp4,> Eukaryota
Rap2b,Vertebrata
Mme,Eumetazoa
Dyrk1a,> Eukaryota
Hic1,Vertebrata
Hnf1b,Eumetazoa
Apbb1,Vertebrata
Robo2,Vertebrata
Stim1,Opisthokonta
Usf1,Opisthokonta
Hmbs,Opisthokonta
Nf1,Eukaryota
Phf12,Opisthokonta
Tbx4,Opisthokonta
Brip1,> Eukaryota
Aldh3a2,> Eukaryota
Ift20,Opisthokonta
Tpo,Opisthokonta
Eif4e,Vertebrata
Reep5,Vertebrata
Nkx6-1,Opisthokonta
Hmgcs1,> Eukaryota
Nr5a1,Eumetazoa
Nfic,Opisthokonta
Sox2,Opisthokonta
Mpl,Vertebrata
G6pc,Vertebrata
Psme3,Opisthokonta
Sost,Vertebrata
Meox1,Eumetazoa
Etv4,Opisthokonta
Thra,Vertebrata
Cdk5r1,Eumetazoa
Pdk2,Vertebrata
Tbx21,Opisthokonta
Hoxb1,Eumetazoa
Hoxb5,Vertebrata
Hoxb6,Vertebrata
Calcoco2,Opisthokonta
Adam8,Vertebrata
Aatk,Vertebrata
Hlf,Vertebrata
Srxn1,> Eukaryota
Mmp19,Eumetazoa
Nr4a1,Eumetazoa
Csl,> Eukaryota
Tfcp2,Opisthokonta
Itga5,Opisthokonta
Cd34,Vertebrata
Plau,Eumetazoa
Tnfrsf4,Opisthokonta
Ltbr,Opisthokonta
Tnfrsf18,Opisthokonta
Tnfrsf10b,Muridae
Tnfrsf25,Opisthokonta
Zfp64,Vertebrata
Sall4,Vertebrata
Atp9a,> Eukaryota
Nfatc2,Vertebrata
Src,Vertebrata
Ugt1a6a,Muridae
Prrxl1,Vertebrata
Sufu,Vertebrata
Alox5,Vertebrata
Rgr,Vertebrata
Wnt8b,Opisthokonta
Pcsk2,Eumetazoa
Bfsp1,Eumetazoa
Fas,Vertebrata
Bnip3,Eumetazoa
Mgmt,> Eukaryota
Ebf3,Opisthokonta
Gnrh1,Opisthokonta
D7Ertd443e,Vertebrata
Agt,Vertebrata
Grem2,Eumetazoa
Oprm1,Vertebrata
Bmp7,Vertebrata
Tcfl5,Vertebrata
Ncoa3,Vertebrata
Gls2,Opisthokonta
Col2a1,Vertebrata
Pcbp2,Vertebrata
Uhrf1bp1,Eukaryota
Mitf,Opisthokonta
Arl6ip5,Opisthokonta
Syp,Opisthokonta
Dnmt3l,Amniota
Ptpn1,Vertebrata
Cebpb,Eumetazoa
Nol3,Mammalia
Ccl22,Mammalia
Nppa,Mammalia
Pdpn,Mammalia
Ndp,Muridae
Prnd,Mammalia
Mavs,Mammalia
Atxn3,Eukaryota
Gsc,Vertebrata
Mgst1,Opisthokonta
Bcl11b,Vertebrata
Osr1,Vertebrata
Pgf,Vertebrata
Ngb,Vertebrata
Dll4,Opisthokonta
Siva1,> Eukaryota
Akt1,Eumetazoa
Hspa1b,Amniota
H2-Ab1,Vertebrata
H2-Ob,Vertebrata
H2-Oa,Vertebrata
Zfp523,Vertebrata
Trem1,Mammalia
Ptcra,Mammalia
Pkhd1,Vertebrata
Il17a,Mammalia
Cend1,Mammalia
Pdzk1ip1,Vertebrata
Uncx,Opisthokonta
Axin1,Vertebrata
Fbxw7,Eukaryota
Fgfbp1,Vertebrata
Prom1,Opisthokonta
Tll1,Eumetazoa
Casp3,Opisthokonta
Asah1,Opisthokonta
Sfrp2,Opisthokonta
Khdrbs1,Vertebrata
Hdac1,Eumetazoa
Sox4,Eukaryota
Tert,Vertebrata
Slc6a19,Vertebrata
Gja4,Vertebrata
Cr2,Opisthokonta
Hoxa7,Vertebrata
Hoxa5,Vertebrata
Hoxa4,Eumetazoa
Hoxa3,Vertebrata
Hoxa1,Vertebrata
Nfe2l3,Eumetazoa
Atp12a,> Eukaryota
Bsx,Vertebrata
Thy1,Vertebrata
Pou2af1,Vertebrata
Apoa4,Vertebrata
Cd3e,Vertebrata
Bak1,Vertebrata
Hmga1,Vertebrata
Btg2,Vertebrata
Ctse,Vertebrata
Tfcp2l1,Opisthokonta
Msx2,Eumetazoa
Satb1,Vertebrata
Gstp1,> Eukaryota
Gstp2,> Eukaryota
Muc2,Rodentia
Hhex,Rodentia
Cbfa2t3,Vertebrata
Nlrp1a,Mammalia
Tnk1,Mammalia
Myh4,Mammalia
Myh1,Vertebrata
Hrh4,Vertebrata
Hmgn3,Vertebrata
Slc22a1,Mammalia
Tcf7,Vertebrata
Nsd1,> Eukaryota
Pgk2,> Eukaryota
Gria1,Eumetazoa
Ncf1,Vertebrata
Hand1,Eumetazoa
Klf8,Opisthokonta
Cldn2,Vertebrata
Gtf2ird1,Vertebrata
Emsy,Eukaryota
Ighg2b,Rodentia
Zfp819,Muridae
Il33,Rodentia
Il23a,Vertebrata
Tnp1,Mammalia
Casp8,Eumetazoa
Ccr7,Vertebrata
Smarce1,Eukaryota
Pcgf2,Vertebrata
Axin2,Vertebrata
Elf2,Vertebrata
Noct,Vertebrata
Cetn2,Vertebrata
Hoxa9,Vertebrata
Junb,Eumetazoa
Prdx2,Vertebrata
Acp5,Opisthokonta
Mpv17l,Vertebrata
Myh11,Vertebrata
Bcl11a,Vertebrata
Mab21l1,Eumetazoa
Brca2,Eumetazoa
Foxl2,Eumetazoa
Epha4,Vertebrata
Serpine2,Vertebrata
Slc5a2,Opisthokonta
Tagln,Eukaryota
Bace1,Vertebrata
Apoa1,Vertebrata
Cd3d,Vertebrata
Gap43,Vertebrata
Slc6a4,Vertebrata
Mmp7,Vertebrata
Fli1,Vertebrata
Ets1,Vertebrata
Barx2,Eumetazoa
Epha2,Vertebrata
Htr1a,Opisthokonta
Myh7b,Vertebrata
Ptprv,Muridae
Neurog1,Eumetazoa
Sqstm1,Vertebrata
Elf5,Vertebrata
Ide,Eukaryota
Cer1,Vertebrata
Smarca5,Vertebrata
Nodal,Vertebrata
Maoa,Eukaryota
Tff2,Vertebrata
Rhob,Eukaryota
Sdc1,Eumetazoa
Clu,Eukaryota
Grem1,Eumetazoa
Thbs1,Opisthokonta
Slc10a1,Vertebrata
Max,Vertebrata
Cnr1,Eumetazoa
Hlx,Opisthokonta
Enpp1,Eukaryota
Mycn,Vertebrata
L1cam,Vertebrata
Myl6,Vertebrata
Neurod4,Vertebrata
Zfp385a,Vertebrata
B4galnt1,Vertebrata
Ihh,Eumetazoa
Wnt1,Eumetazoa
Lrp1,Vertebrata
Rarg,Eumetazoa
Hoxc13,Vertebrata
Hoxc6,Vertebrata
Cbx5,Vertebrata
Nfe2,Vertebrata
Csrp1,Vertebrata
Ngf,Vertebrata
Wnt5a,Opisthokonta
Amhr2,Opisthokonta
Snai1,Vertebrata
Ncoa6,Eumetazoa
Rfxank,Vertebrata
Il12rb2,Vertebrata
Fasl,Eumetazoa
Pcsk9,> Eukaryota
Nrl,Mammalia
Kdr,Vertebrata
Pdgfra,Vertebrata
Gsx2,Opisthokonta
Prdm5,Vertebrata
Foxj3,Eumetazoa
Mzf1,Vertebrata
Msr1,Mammalia
Zfp13,Mammalia
Zscan10,Vertebrata
Slurp1,Rodentia
Cxcl1,Amniota
Cxcl2,Amniota
Cxcl5,Mammalia
Alb,Vertebrata
Igf2,Vertebrata
Th,Eumetazoa
Dhfr,Opisthokonta
Cry1,Vertebrata
Tshz3,Eumetazoa
Calb2,Opisthokonta
Wt1,Vertebrata
Dkk3,Vertebrata
Arntl,Eumetazoa
Slc12a3,Opisthokonta
Herpud1,Opisthokonta
Ldhd,Eukaryota
Gins3,Vertebrata
Lamb1,Vertebrata
Crygd,Vertebrata
Npc1,Eukaryota
Egfr,Eumetazoa
Mrc1,Eumetazoa
Myom1,Opisthokonta
Oprk1,Vertebrata
Vim,Eumetazoa
Neurod6,Eumetazoa
Adcyap1r1,Vertebrata
Mobp,Vertebrata
E2f5,Eukaryota
Apod,Opisthokonta
Samd7,Opisthokonta
Skil,Vertebrata
Insr,Vertebrata
Vav3,Vertebrata
Col11a1,Vertebrata
Pag1,Vertebrata
Jarid2,Vertebrata
Rrm2b,> Eukaryota
Trps1,Opisthokonta
Hdgf,Vertebrata
Pygo2,Opisthokonta
Cks1b,Muridae
Prrc2a,Opisthokonta
Ehmt2,Vertebrata
Hsf1,Vertebrata
Cldn11,Vertebrata
Foxi1,Vertebrata
C1qb,Eumetazoa
Stab1,Eumetazoa
Mcm2,> Eukaryota
Gdf5,Vertebrata
Pltp,Opisthokonta
Rbl1,Vertebrata
Sag,Vertebrata
Proc,Rodentia
Nmnat2,Eumetazoa
Cyp7b1,Eumetazoa
Ubtfl1,Eukaryota
Ccr9,Vertebrata
Tlr2,Vertebrata
Tec,Vertebrata
Dach2,Eumetazoa
Cyp26b1,Eumetazoa
Esr2,Opisthokonta
Tfap2d,Opisthokonta
Tfap2b,Vertebrata
Map3k5,Vertebrata
Dnmt3a,Vertebrata
Ncoa1,Vertebrata
Cad,> Eukaryota
Fabp7,Opisthokonta
Klf11,Vertebrata
Sox11,Eukaryota
Hivep2,Vertebrata
Atf3,Eumetazoa
Batf3,Vertebrata
Bub1,Eukaryota
Hey2,Opisthokonta
Cebpz,Eumetazoa
Nt5e,Vertebrata
Myo6,> Eukaryota
Heca,Eumetazoa
Usp17la,Mammalia
Usp17le,Mammalia
Sftpc,Muridae
Kcnmb1,Vertebrata
Icos,Vertebrata
Ctla4,Vertebrata
Zbtb7a,Vertebrata
Jak3,Vertebrata
Klf2,Rodentia
Jund,Rodentia
Mab21l2,Vertebrata
Bcl2a1d,Muridae
Bcl2a1a,Muridae
Plin1,Vertebrata
Trf,Vertebrata
Abhd14a,> Eukaryota
Slc25a20,Vertebrata
Cdkn1a,Vertebrata
Irf6,Opisthokonta
Cav3,Eumetazoa
Gata2,Eumetazoa
Vhl,Vertebrata
Stat2,Vertebrata
Bhlhe40,Opisthokonta
Itpr1,Opisthokonta
Cdk4,Vertebrata
Lor,Rodentia
Sprr2a1,Muridae
Ivl,Muridae
Mkx,Vertebrata
Rab18,Vertebrata
Anxa8,Opisthokonta
Gad1,Eukaryota
Elf1,Vertebrata
Casp12,Eumetazoa
Fabp6,Opisthokonta
Tgm1,Opisthokonta
Mmp14,Eumetazoa
Chd8,Vertebrata
Cxcr4,Vertebrata
Mcm6,> Eukaryota
Map4,Vertebrata
Myh7,Vertebrata
Rhox5,Muridae
Fxyd5,Rodentia
Top3a,> Eukaryota
Polr2f,Vertebrata
Srebf2,Opisthokonta
Mgp,Eumetazoa
Myh10,Vertebrata
Grb2,Opisthokonta
Mcm5,> Eukaryota
Ilf3,Opisthokonta
Epor,Vertebrata
Prl,Vertebrata
Pitx1,Vertebrata
Acss1,Eukaryota
Prrx2,Vertebrata
Fshb,Eumetazoa
Il7r,Amniota
Gabre,Vertebrata
Yap1,Vertebrata
Cd8a,Eukaryota
Areg,Vertebrata
Tek,Vertebrata
Pcp2,Vertebrata
Retn,Vertebrata
Retnla,Vertebrata
Spp1,Vertebrata
Cxcl15,Muridae
Prm1,Rodentia
Dnmt1,Opisthokonta
Notch3,Vertebrata
Lmx1a,Eumetazoa
Abca3,> Eukaryota
Glis2,Vertebrata
E4f1,Vertebrata
Srebf1,Eumetazoa
Hoxb2,Eumetazoa
Hoxb3,Vertebrata
Hoxb4,Vertebrata
Hoxb8,Vertebrata
Prmt1,Rodentia
Irf5,Opisthokonta
Opn1sw,Vertebrata
Socs2,Vertebrata
Ptpro,Opisthokonta
Dmtf1,Eumetazoa
Mdm2,Opisthokonta
Grip1,Eumetazoa
Dlx3,Vertebrata
Bhlha15,Eumetazoa
Fasn,Opisthokonta
Tfam,Eukaryota
Stat5a,Opisthokonta
Stat5b,Opisthokonta
Cyp26a1,Eumetazoa
Jmjd1c,Eumetazoa
Egr2,Vertebrata
Pten,Mammalia
Rnls,Mammalia
Ch25h,Eumetazoa
Llgl2,Eukaryota
Isl1,Opisthokonta
Lhx2,Eumetazoa
Add2,Opisthokonta
Tyrobp,Mammalia
Zbtb32,Mammalia
Etv2,Mammalia
Hamp,Mammalia
Cyp2e1,Vertebrata
Pax4,Vertebrata
Cd19,Vertebrata
Il27,Vertebrata
AI467606,Vertebrata
Itgam,Mammalia
Kif17,Opisthokonta
Cd47,Opisthokonta
Ostn,Vertebrata
Dkk1,Vertebrata
Jag1,Vertebrata
Slc12a5,Opisthokonta
Cd40,Opisthokonta
Epb42,Vertebrata
Srrm4,Vertebrata
Foxa1,Vertebrata
Ctf1,Vertebrata
Fus,Vertebrata
Nrip1,Vertebrata
Ckm,Opisthokonta
Ppp1r14a,Vertebrata
Ilk,Eukaryota
Tyr,Eumetazoa
Bach1,Vertebrata
Postn,Eumetazoa
Smad9,Opisthokonta
Rfxap,Opisthokonta
Ccna1,> Eukaryota
Cldn4,Rodentia
Mnt,Opisthokonta
Notch1,Vertebrata
Ptges,Vertebrata
Map1b,Vertebrata
Col5a1,Vertebrata
Dck,Vertebrata
Smarca2,Eukaryota
Fbp1,Vertebrata
Dab2,Opisthokonta
Pik3r1,Opisthokonta
Tnc,Vertebrata
Bhmt,Opisthokonta
Sdha,Eumetazoa
Zhx1,Eumetazoa
Zhx2,Eumetazoa
Has2,Vertebrata
Tshz1,Eumetazoa
Mbp,Vertebrata
Depdc1b,Eumetazoa
Nfatc1,Vertebrata
Me1,Vertebrata
Prdm13,Vertebrata
Pou3f2,Opisthokonta
Dcstamp,Eumetazoa
Zfpm2,Vertebrata
Sqle,Vertebrata
Klf10,Eumetazoa
Id4,Eumetazoa
Mc2r,Eumetazoa
Tgfbr2,Opisthokonta
Nfatc3,Vertebrata
Irf1,Eumetazoa
Lpin1,Vertebrata
Esrrg,Eumetazoa
Kif26b,Vertebrata
Tfb2m,Vertebrata
Gcfc2,Eukaryota
Acta1,Eukaryota
Tbp,Vertebrata
Dll1,Vertebrata
Myom2,Opisthokonta
Piezo2,Eumetazoa
Acadm,Vertebrata
Nfatc4,Vertebrata
Nectin4,Eumetazoa
Pnp,Vertebrata
Mpz,Vertebrata
Acot1,Eumetazoa
Zeb1,Vertebrata
Epc1,Vertebrata
Nrp1,Vertebrata
Crem,Opisthokonta
Klf6,Opisthokonta
Pitrm1,> Eukaryota
Gadd45b,Vertebrata
S1pr1,Vertebrata
Vcam1,Opisthokonta
Prrx1,Vertebrata
Nfia,Opisthokonta
Trrap,Eukaryota
Hbb-bh1,Rodentia
Hba-x,Vertebrata
Hbb-bs,Vertebrata
Hbb-y,Rodentia
Oprd1,Vertebrata
Nr0b2,Eumetazoa
Ptk2,Vertebrata
Ndrg1,Eumetazoa
Tnfrsf11b,Vertebrata
E2f3,Vertebrata
Slc6a3,Vertebrata
Adamts16,Vertebrata
Cx3cr1,Vertebrata
Grb10,Opisthokonta
Ddc,Eukaryota
Eomes,Opisthokonta
Fbxo32,Eumetazoa
Ctnnb1,Eumetazoa
Cck,Vertebrata
Scx,Opisthokonta
Sp1,Vertebrata
Itga7,Opisthokonta
Pparg,Eumetazoa
Cish,Vertebrata
Hmga2,Vertebrata
Edem1,Eukaryota
Gpx5,> Eukaryota
Grm2,Opisthokonta
Kcnb1,Eumetazoa
Pbrm1,Opisthokonta
Fkbp5,> Eukaryota
Pttg1,Amniota
Pbx1,Opisthokonta
Shbg,Vertebrata
Zfp488,Rodentia
Pias3,Vertebrata
Nhlh1,Vertebrata
Rbmx,Vertebrata
Calcrl,Vertebrata
Nos2,Vertebrata
Tardbp,> Eukaryota
Pmp2,Vertebrata
Fabp4,Vertebrata
Samd11,Eumetazoa
Rere,Vertebrata
Eno1,> Eukaryota
Cd5,Opisthokonta
Sort1,Eukaryota
Nfya,Eukaryota
Alx3,Vertebrata
Zfp335,Vertebrata
Mmp9,Vertebrata
Adora1,Opisthokonta
Mapk14,Vertebrata
Ppard,Eumetazoa
Scn8a,Vertebrata
Stat6,Vertebrata
Mip,Vertebrata
Gsc2,Vertebrata
H2-Eb1,Mammalia
Fmo3,Vertebrata
Fxyd1,Mammalia
Sele,Vertebrata
Nhlh2,Amniota
H2-DMa,Vertebrata
H2-DMb1,Vertebrata
Trim28,Vertebrata
Slc27a5,> Eukaryota
Tac2,Vertebrata
Tslp,Vertebrata
Cxcl10,Amniota
Cxcl9,Mammalia
Rarres2,Mammalia
Hoxd13,Vertebrata
Il1a,Mammalia
Tlx2,Mammalia
Lect2,Vertebrata
Il9,Vertebrata
Il4,Vertebrata
Il13,Vertebrata
Il5,Vertebrata
Csf2,Vertebrata
Ptma,Mammalia
Tial1,Vertebrata
Serpinb5,Vertebrata
Rps6kb1,Vertebrata
Nfkbib,Opisthokonta
Etv5,Vertebrata
Srr,Eukaryota
Fxyd2,Vertebrata
Il2,Mammalia
Il21,Mammalia
Bik,Mammalia
Cyp2d9,Vertebrata
Elf4,Mammalia
Gypa,Vertebrata
Smad1,Rodentia
Zfp42,Mammalia
Pth,Vertebrata
Kcnn3,Eumetazoa
Timp1,Vertebrata
Gsta2,Amniota
Gsta1,Amniota
Cfdp1,Vertebrata
Cebpg,Vertebrata
Etv3,Vertebrata
Gli3,Opisthokonta
Cav1,Eumetazoa
Met,Vertebrata
Cftr,> Eukaryota
Gtse1,Vertebrata
Deaf1,Opisthokonta
Myod1,Eumetazoa
Lrp5,Opisthokonta
Ctcf,Vertebrata
Txnip,Vertebrata
Creb3l4,Eumetazoa
Crtc2,Vertebrata
Tg,Opisthokonta
Dcst1,Eumetazoa
Dcst2,Mammalia
Nlrp2,Mammalia
Pirb,Mammalia
Atp2a2,> Eukaryota
Eif2ak2,Vertebrata
Mstn,Vertebrata
Trim63,Vertebrata
Lif,Opisthokonta
Lep,Mammalia
Cldn3,Vertebrata
Ddx58,Eumetazoa
Scnn1a,Vertebrata
Txnrd1,Vertebrata
Icam1,Mammalia
Osm,Vertebrata
Fcer1g,Mammalia
Ifi202b,Muridae
Ifi204,Mammalia
Snrpn,Mammalia
Mylk3,Vertebrata
Wwp2,Vertebrata
Cdh1,Eumetazoa
Flt3,Vertebrata
Cdx2,Vertebrata
Zfx,Vertebrata
Erg,Vertebrata
Ets2,Vertebrata
Fam3b,Vertebrata
Gabpb1,Vertebrata
Ube2i,> Eukaryota
Fgf21,Eumetazoa
Fgf17,Eumetazoa
Fgf9,Eumetazoa
Fgf1,Eumetazoa
Irf3,Opisthokonta
Pax6,Vertebrata
Tpsab1,Vertebrata
Nnat,Muridae
Cxcl11,Mammalia
Cdx4,Amniota
Selenow,Amniota
Csn1s1,Rodentia
Fgf8,Eumetazoa
Lbx1,Vertebrata
Lbx2,Vertebrata
Krt19,Vertebrata
Kcnip2,Eukaryota
Ldb1,Opisthokonta
Tk1,Vertebrata
Notum,Eumetazoa
Mafg,Opisthokonta
Nanos3,Opisthokonta
Rfx1,Opisthokonta
Pkd1,Opisthokonta
Slc27a1,Vertebrata
Id2,Eumetazoa
Slc51b,Amniota
Abcc2,Vertebrata
Elovl3,Amniota
Pitx3,Rodentia
Dnm1,Vertebrata
Hspa5,> Eukaryota
Pappa,Vertebrata
Trim32,Vertebrata
Brinp1,Vertebrata
Lhx3,Opisthokonta
Klf4,Opisthokonta
Add1,Opisthokonta
Smad7,Opisthokonta
Esm1,Opisthokonta
Aff1,Opisthokonta
Slc45a2,Eukaryota
Hnrnpk,Opisthokonta
Ptgs1,Eumetazoa
Cyp19a1,Opisthokonta
Spi1,Vertebrata
Gas2,Vertebrata
Pkp3,Opisthokonta
Tph1,Vertebrata
Muc5ac,Opisthokonta
Gtf2h1,Opisthokonta
Mpo,Mammalia
Best1,Eumetazoa
Fth1,Opisthokonta
Pml,Vertebrata
Ddb2,Eukaryota
Tle3,Opisthokonta
Morf4l1,Eukaryota
Pias1,Eukaryota
Smad3,Opisthokonta
Smad6,Opisthokonta
Nr2e3,Vertebrata
Cyp11a1,Vertebrata
Trpm1,Opisthokonta
Dbi,Opisthokonta
En1,Eumetazoa
Pknox1,Opisthokonta
Rif1,Eumetazoa
Satb2,Vertebrata
Idh1,> Eukaryota
Tnfsf11,Vertebrata
Rgcc,Eumetazoa
Tbx15,Opisthokonta
Casp7,Opisthokonta
Itgb3,Vertebrata
Becn1,Eukaryota
Brca1,Eukaryota
Rnd2,Vertebrata
Gjc1,Vertebrata
Gpam,Eumetazoa
Med1,Vertebrata
Neurod2,Eumetazoa
Ppp1r1b,Vertebrata
Pnmt,Vertebrata
Tcf7l2,Vertebrata
Parg,Eukaryota
Pax2,Vertebrata
Ddit4,Eumetazoa
Timp2,Opisthokonta
Socs3,Vertebrata
Cd5l,Opisthokonta
Myoz1,Vertebrata
Kitl,Eumetazoa
Dusp6,Vertebrata
Dll3,Opisthokonta
Zfp277,Eukaryota
Rlbp1,Eumetazoa
Map1a,Vertebrata
Akip1,Eumetazoa
Zfp143,Eukaryota
Wee1,Eukaryota
Rnf141,Eukaryota
Tead4,Vertebrata
Cdkn1b,Vertebrata
Ppara,Eumetazoa
Wnt7b,Eumetazoa
Fbln1,Vertebrata
Cdkn1c,Rodentia
Ifitm5,Vertebrata
Cdk2,Vertebrata
Adipor1,> Eukaryota
Nelfcd,> Eukaryota
Nab2,Eumetazoa
Il24,Mammalia
Il10,Vertebrata
Myog,Eumetazoa
Mdm4,Opisthokonta
Myl9,Opisthokonta
Nop56,> Eukaryota
Glrx,Opisthokonta
Pcsk1,Vertebrata
Mbd1,Vertebrata
Gata1,Vertebrata
Sla2,Opisthokonta
Id1,Vertebrata
Dido1,Vertebrata
Cidec,Vertebrata
Col3a1,Vertebrata
Ly6a,Rodentia
Kif12,Opisthokonta
Tnfrsf17,Amniota
Sell,Vertebrata
Selp,Opisthokonta
Csn2,Rodentia
Catsper1,Vertebrata
Bad,Amniota
Scgb1a1,Rodentia
Nr1i2,Eumetazoa
Gsk3b,> Eukaryota
Gja5,Vertebrata
Bcl9,Eumetazoa
Gpr143,> Eukaryota
Ofd1,Eumetazoa
Dct,Eumetazoa
Sox21,Opisthokonta
Abcc4,Opisthokonta
Ppig,Vertebrata
Phgdh,> Eukaryota
Ssb,Vertebrata
Sp5,Eumetazoa
Dlx1,Vertebrata
Dlx2,Vertebrata
Pdk1,Vertebrata
Cdca7,Vertebrata
Sp3,Vertebrata
Sp9,Opisthokonta
Atf2,Opisthokonta
Hoxd11,Vertebrata
Hoxd3,Vertebrata
Hoxd4,Vertebrata
Nfe2l2,Vertebrata
Prkra,Opisthokonta
Vegfd,Vertebrata
Myef2,Opisthokonta
Fgf7,Eumetazoa
Chrna7,Vertebrata
Rapsn,Eumetazoa
Onecut1,Vertebrata
Mtf2,Opisthokonta
Gfi1,Eumetazoa
Gtf2b,Eukaryota
Sox14,Eukaryota
Bcl6,Opisthokonta
Ripk2,Vertebrata
Pik3ca,Eumetazoa
Cdc73,Eumetazoa
Ddr2,Vertebrata
Aldh3a1,Vertebrata
Prdx1,Vertebrata
Jun,Eumetazoa
Zbtb18,Vertebrata
Tnfaip3,Vertebrata
Perp,Eumetazoa
Six2,Opisthokonta
Vip,Vertebrata
Meis1,Opisthokonta
Otx1,Vertebrata
Tlx1,Vertebrata
Cyp17a1,Vertebrata
Slc18a2,Vertebrata
Cdh11,Vertebrata
Mcm8,Eukaryota
Lhb,Eumetazoa
Egr4,Vertebrata
Gbp2,Rodentia
Prdm16,Vertebrata
Spib,Vertebrata
Nr1h2,Eumetazoa
Bcl2l11,Vertebrata
Ciita,Vertebrata
Socs1,Vertebrata
Tgfb2,Vertebrata
Foxc2,Eumetazoa
Tspo,Vertebrata
Itgae,Opisthokonta
Rfx5,Vertebrata
Pomc,> Eukaryota
Slc2a3,Eukaryota
Fpr1,Vertebrata
Col11a2,Vertebrata
Tapbp,Vertebrata
Daxx,Vertebrata
Tcf19,Vertebrata
Clec10a,Mammalia
Gtf2i,Vertebrata
Sfpq,Opisthokonta
Edn1,Vertebrata
Nedd9,Opisthokonta
Slc9a3,Eukaryota
Angpt1,Vertebrata
Pck1,Opisthokonta
Smarcd1,Eumetazoa
Cyp24a1,Vertebrata
Ncoa5,Vertebrata
Tshb,Eumetazoa
Spdef,Eumetazoa
Eif4g3,Vertebrata
Ece1,Eumetazoa
Alpl,Eukaryota
Guca2a,Mammalia
Chd4,Eukaryota
Trib3,Opisthokonta
Rbpjl,Opisthokonta
Pxmp4,Opisthokonta
Eya2,Opisthokonta
Tfap2c,Vertebrata
Gli1,Vertebrata
Ddit3,Eukaryota
Dctn2,Eukaryota
Soat2,Vertebrata
Sp7,Opisthokonta
Trim11,Vertebrata
Cd1d1,Vertebrata
Cd1d2,Vertebrata
Zfp57,Muridae
Cox4i1,Vertebrata
Irf8,Opisthokonta
Foxf1,Vertebrata
Fes,Vertebrata
E2f2,Eukaryota
Lipc,Vertebrata
Ctr9,Opisthokonta
Pde3b,> Eukaryota
Sox6,Eukaryota
Lin28a,Opisthokonta
Cyp4a12a,Opisthokonta
Cyp4a12b,Opisthokonta
Taf12,Vertebrata
Ager,Mammalia
Apoe,Vertebrata
Tap1,> Eukaryota
Nr1d2,Eumetazoa
Rarb,Eumetazoa
Etv1,Vertebrata
Meox2,Eumetazoa
Tbx20,Opisthokonta
Mcl1,Vertebrata
Ctsk,Vertebrata
Prdm1,Eumetazoa
Mef2d,Vertebrata
Frzb,Opisthokonta
Trp53inp1,Vertebrata
Pbx4,Amniota
Dnase2a,Vertebrata
Brd4,Rodentia
Il3,Rodentia
Star,Opisthokonta
Nono,Opisthokonta
Rictor,Eukaryota
Dtx1,Opisthokonta
Lmx1b,Opisthokonta
Angptl2,Vertebrata
Ncor2,Vertebrata
Msi1,Vertebrata
Hnf1a,Eumetazoa
Dgcr8,Eumetazoa
Txnrd2,Vertebrata
Sfrp1,Opisthokonta
Hsd3b4,Muridae
Hsd3b6,Muridae
Hsd3b1,> Eukaryota
Gja3,Vertebrata
Cenpj,Vertebrata
Il1rl1,Vertebrata
Olig2,Eumetazoa
Olig1,Mammalia
Mmp3,Opisthokonta
Mmp10,Opisthokonta
Mmp12,Opisthokonta
Klf7,Opisthokonta
Neurod1,Eumetazoa
Itga4,Opisthokonta
Zic2,Vertebrata
Dach1,Eumetazoa
Klf5,Opisthokonta
Bmp2,Opisthokonta
Gzf1,Vertebrata
Tbx18,Opisthokonta
Sall2,Mammalia
Gtf2a1,Eumetazoa
Pla2g7,Eukaryota
Lefty1,Eumetazoa
Mcm3,> Eukaryota
Elp3,Eukaryota
Lama4,Vertebrata
Hdac2,Eukaryota
Foxo1,Vertebrata
Pld2,Eukaryota
Chrne,Vertebrata
Srrt,Vertebrata
Rb1,Eumetazoa
Gjd2,Eumetazoa
Ucp2,Vertebrata
Ar,Opisthokonta
Vezf1,Vertebrata
Acaca,Vertebrata
Tbx2,Opisthokonta
Ppm1d,> Eukaryota
Robo1,Vertebrata
Cldn7,Eumetazoa
Kdm6b,Eukaryota
Esrra,Mammalia
Pglyrp1,Vertebrata
Sgcg,Vertebrata
Pcp4,Vertebrata
Atm,Opisthokonta
Npat,Opisthokonta
Ptx3,Vertebrata
Ache,Opisthokonta
Mecom,Eumetazoa
Zbtb38,Vertebrata
Mmp28,Vertebrata
Phox2a,Eumetazoa
Folr1,Opisthokonta
Nox1,Vertebrata
Plaur,Vertebrata
Mov10l1,> Eukaryota
Pbx2,Opisthokonta
Hmgcs2,Amniota
Foxj1,Vertebrata
Tnfsf15,Eumetazoa
Afp,Vertebrata
Gcm1,Vertebrata
Abcc6,Vertebrata
Xiap,Eumetazoa
Sh2d1a,> Eukaryota
Pou3f4,Opisthokonta
Itm2a,Vertebrata
P2ry10,Vertebrata
Slc7a11,> Eukaryota
Cnot7,> Eukaryota
Hes7,Vertebrata
Gpc4,Vertebrata
Smad5,Opisthokonta
Ids,Eumetazoa
Fmr1,Opisthokonta
St3gal5,Vertebrata
Irf2,Eumetazoa
Ms4a2,Opisthokonta
Setd7,Vertebrata
Dlx5,Vertebrata
Dlx6,Eumetazoa
Pdk4,Vertebrata
Col1a2,Opisthokonta
Cdk6,Vertebrata
Ferd3l,Opisthokonta
Sp4,Vertebrata
Smarcc1,Vertebrata
Elp2,Opisthokonta
Elmo1,Vertebrata
Matn1,Vertebrata
Nfyc,Eukaryota
Tinagl1,> Eukaryota
Kat2b,> Eukaryota
Runx1t1,Vertebrata
Ilf2,Opisthokonta
Havcr2,Vertebrata
Pde6a,Vertebrata
Snai2,Vertebrata
Il7,Vertebrata
Il2ra,Muridae
Il5ra,Vertebrata
Bid,Vertebrata
Abcc3,Vertebrata
Ccl5,Vertebrata
Ccl2,Mammalia
Psrc1,Vertebrata
Pdx1,Vertebrata
Muc1,Mammalia
Nes,Vertebrata
Slc5a1,Vertebrata
Slc20a1,Eumetazoa
Sftpb,Opisthokonta
Kcnip3,Eukaryota
Tesc,> Eukaryota
Gal3st1,Opisthokonta
Prodh,Vertebrata
Gdnf,Vertebrata
Bmpr1b,Opisthokonta
Glis3,Vertebrata
Rfx3,Opisthokonta
Smad4,Opisthokonta
Abl1,Eumetazoa
Ddx54,> Eukaryota
Tbx5,Opisthokonta
Tbx3,Opisthokonta
Pax8,Vertebrata
Dcx,Vertebrata
Hnrnpa1,Vertebrata
Hoxc8,Vertebrata
Acsbg1,Vertebrata
Klf13,Eumetazoa
Ttf2,Muridae
Glp1r,Vertebrata
Krt13,Vertebrata
Taf4b,Vertebrata
Rap1b,Vertebrata
Il22,Vertebrata
Ifng,Vertebrata
Prnp,Vertebrata
Chd7,Vertebrata
Tpr,> Eukaryota
Pcyt1a,Vertebrata
Itga6,Opisthokonta
Sh3gl1,Eumetazoa
Sirt6,Opisthokonta
Creb3l3,Opisthokonta
Mbd3,Vertebrata
Tcf3,Opisthokonta
Onecut3,Rodentia
Rs1,Eumetazoa
Gabrb3,Vertebrata
Trp63,Opisthokonta
Inpp5d,Eumetazoa
Lmo4,Opisthokonta
Dr1,Eukaryota
Med8,Rodentia
Aatf,Rodentia
Comp,Amniota
Cdk1,> Eukaryota
Rest,Vertebrata
Nfkb1,Vertebrata
Ltc4s,Muridae
Pitx2,Vertebrata
Egf,Opisthokonta
Tdo2,Eukaryota
Ldb2,Opisthokonta
Ccna2,> Eukaryota
Phox2b,Vertebrata
Fgf2,Eumetazoa
Spry1,Eumetazoa
Myocd,Vertebrata
Tob1,Vertebrata
Itgb4,Eumetazoa
Sstr2,Vertebrata
Pemt,Vertebrata
Sox8,Opisthokonta
Sox9,Eukaryota
Mapk8,Eukaryota
Gdf10,Vertebrata
Rbp3,Vertebrata
Xrcc6,Eukaryota
Ep300,Eumetazoa
Tef,Eumetazoa
Csf3,Vertebrata
Gjd3,Eumetazoa
Rac1,Vertebrata
Birc5,Eumetazoa
Aebp2,Vertebrata
Hbp1,Vertebrata
Prkar2b,Vertebrata
Kcnd2,Eumetazoa
Nr2c1,Eumetazoa
Elk3,Vertebrata
Ldhb,Vertebrata
Pthlh,Eumetazoa
Nell2,Vertebrata
Crabp1,Opisthokonta
Sin3a,Eumetazoa
Cat,Vertebrata
Ptprz1,Vertebrata
Alx1,Vertebrata
Thrb,Eumetazoa
Mad2l1,Opisthokonta
Rela,Vertebrata
Serpine1,Vertebrata
Sox15,Eukaryota
Sry,Muridae
Men1,Eukaryota
Mta2,Vertebrata
Zfp36,Vertebrata
Sf1,Eukaryota
Atoh8,Eumetazoa
Runx1,Vertebrata
Rcan1,Opisthokonta
Krt18,Vertebrata
Abcb11,Vertebrata
Dmd,Vertebrata
Eed,> Eukaryota
Creb1,Opisthokonta
Inha,Vertebrata
Atp1a1,> Eukaryota
Nfkbiz,Vertebrata
Hesx1,Vertebrata
Slc19a2,Opisthokonta
Cryaa,Eumetazoa
Ucp3,Vertebrata
Slc11a1,Vertebrata
Smtnl1,Mammalia
Npsr1,Muridae
Hnf4a,Opisthokonta
Igfbp6,Mammalia
Tmbim6,Eukaryota
Pmel,Vertebrata
Sox18,Eukaryota
Dnmt3b,Vertebrata
Acss2,Opisthokonta
Ndn,Eukaryota
Nppb,Vertebrata
Ephb2,Vertebrata
Mrgbp,Opisthokonta
Nlrp12,Vertebrata
H2-Aa,Mammalia
Foxd1,Rodentia
Tax1bp3,Muridae
Lpl,Vertebrata
Tle2,Vertebrata
Foxe1,Eumetazoa
Atf6,Opisthokonta
Plin4,Vertebrata
Plin5,Vertebrata
Notch4,Rodentia
Notch2,Vertebrata
Fkbp8,Vertebrata
Dot1l,Opisthokonta
Amh,Opisthokonta
Pias4,Eumetazoa
Bsg,Opisthokonta
Gzmb,Vertebrata
Cdk9,Eukaryota
Ndor1,Eukaryota
Ndor1,Eukaryota
Dcc,Vertebrata
Tcf4,Opisthokonta
F11,Vertebrata
Shroom3,Eumetazoa
Ccng2,> Eukaryota
Tdgf1,Mammalia
Kcnv2,Vertebrata
Sh3bp2,Vertebrata
Ccnb1,Opisthokonta
Npr1,Opisthokonta
Ehmt1,Opisthokonta
Grin1,Vertebrata
Gfi1b,Vertebrata
Tsc1,Vertebrata
Rxra,Eumetazoa
Cpt1b,Vertebrata
Maf,Opisthokonta
Nfat5,Vertebrata
Rfx4,Opisthokonta
Arntl2,Opisthokonta
Nr1h4,Eumetazoa
Bhlhe41,Opisthokonta
Kras,Vertebrata
Banp,Vertebrata
Furin,Vertebrata
Rag1,> Eukaryota
Rag2,> Eukaryota
Ehf,Vertebrata
Pdhx,Eumetazoa
Cd44,Vertebrata
Slc1a2,Vertebrata
Ascl2,Vertebrata
Irf7,Vertebrata
Hras,Vertebrata
Tsg101,Eukaryota
Ldha,Vertebrata
Cpt1a,Opisthokonta
Sis,> Eukaryota
Mgam,> Eukaryota
Prm2,Muridae
Zfp26,Mammalia
Pou2f3,Opisthokonta
Mybbp1a,Opisthokonta
Ins1,Mammalia
Ins2,Mammalia
Sim2,Eumetazoa
Ovol2,Vertebrata
Pias2,Eukaryota
Fxn,Vertebrata
Ttf1,> Eukaryota
Chek2,> Eukaryota
Barhl1,Eumetazoa
Il1rn,Amniota
Il1b,Vertebrata
Prg2,Mammalia
Neurog2,Vertebrata
Pdcd1,Mammalia
Wap,Rodentia
Hr,Amniota
Ccl21a,Mammalia
Ccl21b,Mammalia
Ccl19,Muridae
Cyp2a5,Vertebrata
Cyp2a4,Vertebrata
Sertad1,Mammalia
Ifnl3,Vertebrata
Crebzf,Mammalia
Plod1,Vertebrata
Mfn2,Opisthokonta
Asxl1,Vertebrata
Ski,Vertebrata
Pax7,Vertebrata
Suv39h1,Vertebrata
Pdyn,Vertebrata
Slc2a1,Eukaryota
Reg3g,Vertebrata
Reg3b,Vertebrata
Rorc,Eumetazoa
Nr1i3,Eumetazoa
Zbtb17,Vertebrata
Spen,Opisthokonta
Col10a1,Vertebrata
Igll1,Rodentia
Zfp157,Rodentia
Cyp2b9,Vertebrata
Cyp2b10,Vertebrata
Ccl7,Rodentia
Cd80,Mammalia
Cox17,Mammalia
Cd86,Vertebrata
Fam162a,Vertebrata
H2-K1,Vertebrata
Ltb,Vertebrata
Klf12,Opisthokonta
Nr0b1,Eumetazoa
Trim13,Vertebrata
Slc9a2,Eukaryota
Fhl2,Eumetazoa
Nck2,Opisthokonta
Tfdp1,Eukaryota
Pou2f1,Opisthokonta
App,Vertebrata
Gabpa,Opisthokonta
Ing1,Opisthokonta
Col4a1,Vertebrata
Tnfsf13b,Eumetazoa
Trp53,Opisthokonta
Ddit3,Muridae
Omp,Eukaryota
Ywhae,> Eukaryota
Cadm1,Eumetazoa
Ncam1,Vertebrata
Zbtb16,Vertebrata
Cbl,Vertebrata
Cdx1,Eumetazoa
Taf9,Muridae
Pdgfrb,Vertebrata
Csf1r,Vertebrata
Panx3,Vertebrata
Robo3,Vertebrata
Slc7a1,Eukaryota
Heph,Opisthokonta
Cops5,Eukaryota
Mybl1,> Eukaryota
Crh,Vertebrata
Flt1,Vertebrata
Eya1,Opisthokonta
Msc,Opisthokonta
Pola1,> Eukaryota
Arx,Vertebrata
Foxh1,Eumetazoa
Ppp1r16a,Opisthokonta
Bmi1,Opisthokonta
Spag6,Opisthokonta
Epas1,Opisthokonta
Prkce,Eumetazoa
Six3,Opisthokonta
Fshr,Eumetazoa
Entpd1,Vertebrata
Adam12,Vertebrata
Bub3,> Eukaryota
Prph2,Vertebrata
Sgca,Vertebrata
Col1a1,Vertebrata
Trp53bp1,Vertebrata
Gch1,Vertebrata
Csrp3,Vertebrata
E2f8,Vertebrata
Htatip2,Eumetazoa
Mapk8ip1,Opisthokonta
Nr1h3,Vertebrata
Mmp2,Opisthokonta
Irx3,Vertebrata
Sall1,Vertebrata
Nat2,Eumetazoa
Cyp1a1,Eumetazoa
Cyp1a2,Eumetazoa
Ebi3,Vertebrata
Hltf,Eukaryota
Tnfsf10,Eumetazoa
Slc2a2,Eukaryota
Foxg1,Vertebrata
Mga,Opisthokonta
Sec23a,> Eukaryota
Eras,Vertebrata
Foxp3,Vertebrata
Tbx1,Vertebrata
S1pr5,Mammalia
Lyl1,Vertebrata
Hrc,Vertebrata
Lhb,Vertebrata
Foxa3,Vertebrata
Cd52,Mammalia
Amelx,Mammalia
Prop1,Vertebrata
Atxn7,Opisthokonta
Fezf2,Vertebrata
Phf2,Opisthokonta
Barx1,Vertebrata
Hdac11,Opisthokonta
Elf3,Vertebrata
Cldn19,Eumetazoa
Epha5,Vertebrata
Wnt4,Opisthokonta
Plag1,Vertebrata
Slc15a1,Vertebrata
Reck,Vertebrata
Mc4r,Eumetazoa
Phex,Eumetazoa
Mxd1,Opisthokonta
Rchy1,Opisthokonta
Smad2,Opisthokonta
Myl2,Vertebrata
Cux2,Vertebrata
Vtn,Eumetazoa
Ebf1,Opisthokonta
Il12b,Vertebrata
Arr3,Vertebrata
Fam89b,Vertebrata
Drd1,Vertebrata
Pou4f3,Opisthokonta
Nr3c1,Opisthokonta
Gabra6,Eumetazoa
Kiss1,Vertebrata
Kiss1,Vertebrata
Sct,Muridae
Ndor1,Muridae
Foxe3,Rodentia
Insl3,Rodentia
Ccl25,Rodentia
Scd1,Rodentia
Cdkn2a,Muridae
Casz1,Rodentia
Mnx1,> Eukaryota
Shh,Vertebrata
Insig1,Vertebrata
Zic1,Eumetazoa
Agtr1a,Vertebrata
Myd88,Rodentia
Rnf144a,Eumetazoa
Cga,Eumetazoa
Rlf,Vertebrata
Ppp2r5c,> Eukaryota
Dlk1,Eumetazoa
Rps6ka1,Vertebrata
Id3,Eumetazoa
Ptafr,Vertebrata
Hif1a,Eumetazoa
Six4,Opisthokonta
Six1,Opisthokonta
Six6,Opisthokonta
Ppm1a,> Eukaryota
Plk4,Opisthokonta
Arg2,Opisthokonta
Fbln5,Vertebrata
Psen1,Vertebrata
Med6,Eumetazoa
Slc8a3,Opisthokonta
Lgals3,Eumetazoa
Foxo3,Vertebrata
Rps6ka5,Vertebrata
Nkx2-1,Eumetazoa
Nkx2-9,Eumetazoa
Pax9,Vertebrata
Mta1,Opisthokonta
Fcer2a,Eumetazoa
Irak1,Eukaryota
Mecp2,Vertebrata
Tfe3,Opisthokonta
Elk1,Vertebrata
Plcg2,Eukaryota
Mt1,Vertebrata
Mmp15,Vertebrata
E2f4,Vertebrata
Ccnd2,Eukaryota
Atp6v1e2,> Eukaryota
Atp6v1e1,> Eukaryota
Mvk,> Eukaryota
Foxn4,Vertebrata
Acacb,Opisthokonta
Setbp1,> Eukaryota
Polk,> Eukaryota
Edil3,Vertebrata
Nr2f1,Eumetazoa
Klf9,Opisthokonta
Nkx3-1,Amniota
Egr3,Vertebrata
Bdnf,Vertebrata
Cdh15,Vertebrata
Lmo7,Eumetazoa
Efnb2,Eumetazoa
Pou4f1,Eumetazoa
Itgb6,Vertebrata
Fn1,Eumetazoa
Il18r1,Vertebrata
Spic,Vertebrata
COX2,Muridae
Epha7,Vertebrata
Cited2,Vertebrata
Bclaf1,Vertebrata
Vnn1,Vertebrata
Hoxa10,Vertebrata
Hoxa2,Vertebrata
Hnrnpa2b1,Vertebrata
Il6,Eumetazoa
Twist1,Rodentia
Ahr,Opisthokonta
Pecam1,Vertebrata
Ern1,Eumetazoa
Atf1,Opisthokonta
Rhoa,Amniota
Fgfr4,Amniota
Per2,Vertebrata
Hes6,Vertebrata
Glul,Vertebrata
Dpp6,> Eukaryota
Bcl2,Opisthokonta
Zfp521,Vertebrata
Cdh2,Vertebrata
Dsg2,Vertebrata
Dsg4,Vertebrata
Igfbp3,Vertebrata
Igfbp1,Vertebrata
Sirt5,> Eukaryota
Phlpp1,Vertebrata
Irf4,Opisthokonta
Foxq1,Rodentia
Foxc1,Vertebrata
Rnf11,Vertebrata
Cebpd,Muridae
St18,Eumetazoa
Rb1cc1,Eumetazoa
Cdk5,Mammalia
Wnt3a,Opisthokonta
Wnt9a,Opisthokonta
Cyp8b1,Vertebrata
Gata6,Opisthokonta
Ube2k,Vertebrata
Dlc1,Opisthokonta
Prf1,Vertebrata
Plin2,Eumetazoa
Mttp,Eumetazoa
Sod3,Vertebrata
Myoz2,Vertebrata
Slc25a4,Vertebrata
Helt,Opisthokonta
Art1,Vertebrata
Glb1,Vertebrata
Egr1,Vertebrata
Wbp1,Vertebrata
Tet2,Vertebrata
Prdx6,Opisthokonta
Aldh1a7,> Eukaryota
Aldh1a1,> Eukaryota
Tnfrsf12a,Vertebrata
Cox6a1,Eumetazoa
Bcr,Vertebrata
Hdac3,Vertebrata
Ikzf3,Vertebrata
Slc4a9,Vertebrata
Cd14,Vertebrata
Tmem159,Eukaryota
Pelp1,Eumetazoa
Ncmap,Vertebrata
Cdc25a,Vertebrata
Nos3,Vertebrata
Trim24,Vertebrata
G6pc2,Vertebrata
Nostrin,Eumetazoa
Stk39,Eukaryota
Ifih1,Eumetazoa
Gcg,Eumetazoa
Tbr1,Eumetazoa
Tank,Eumetazoa
Nr4a2,Eumetazoa
Kcnj3,Opisthokonta
Pttg1ip,Vertebrata
Igf2bp2,Opisthokonta
Xrcc5,Eukaryota
Cflar,Vertebrata
Dhh,Eumetazoa
Bin1,Eukaryota
Des,Vertebrata
Ikzf2,Vertebrata
Myl1,Eukaryota
Map2,Vertebrata
Zfp148,Vertebrata
Pou1f1,Opisthokonta
Tpt1,Vertebrata
Per1,Vertebrata
Bcl6b,Mammalia
Slc2a4,Vertebrata
Coro1b,Eukaryota
Dmrta1,Vertebrata
Ppargc1a,Vertebrata
Nfib,Opisthokonta
Pcx,Opisthokonta
Slc3a2,Vertebrata
Rcor2,Vertebrata
Epo,Vertebrata
Gja1,Vertebrata
Rad51,Vertebrata
Casp8ap2,> Eukaryota
Bach2,Opisthokonta
Map3k7,Vertebrata
Abcc1,> Eukaryota
Nupr1,Vertebrata
Nr1d1,Eumetazoa
Tcf20,Eumetazoa
Gh,Vertebrata
Aqp2,Eukaryota
Itga2b,Opisthokonta
Ifnb1,Vertebrata
Ifna1,Vertebrata
Ifne,Rodentia
Ifna4,Vertebrata
Cdkn2b,Muridae
Crisp3,Vertebrata
Fbn2,Vertebrata
Clcnkb,Vertebrata
Foxp1,Vertebrata
Nfkb2,Vertebrata
Irak2,Vertebrata
Nanog,Vertebrata
Calr,Amniota
Klf1,Opisthokonta
Klrb1c,Vertebrata
Gstk1,Vertebrata
Zyx,Vertebrata
Ing4,Vertebrata
Ptpn6,Vertebrata
Eno2,> Eukaryota
Atn1,Vertebrata
Cd4,Vertebrata
Dapk1,Eumetazoa
Ctsl,Muridae
Fbp2,Vertebrata
Dmrt1,Vertebrata
Dmrt3,Vertebrata
Dmrt2,Eumetazoa
Slc39a14,Opisthokonta
Mapk1,Eumetazoa
Prdm8,Vertebrata
Ptges2,Vertebrata
Xbp1,Eumetazoa
Nos1,Vertebrata
Tal2,Vertebrata
Ccne1,> Eukaryota
Tollip,Muridae
Rasl12,Vertebrata
Ccnd1,> Eukaryota
Fgf3,Eumetazoa
Fgf4,Eumetazoa
Fgf15,Eumetazoa
Txlng,Eukaryota
Stard5,Eumetazoa
Srf,Eukaryota
Capn2,Eumetazoa
Srd5a2,Opisthokonta
Slc8a1,Eumetazoa
Tfb1m,Opisthokonta
Foxa2,Eumetazoa
Pax1,Eumetazoa
Nkx2-2,Eumetazoa
Insm1,Eumetazoa
Hmgcl,> Eukaryota
Blk,Vertebrata
Runx3,Opisthokonta
Tmem50a,Vertebrata
Odc1,> Eukaryota
Fosl2,Eumetazoa
Insm2,Opisthokonta
Pnn,Eukaryota
Meis2,Opisthokonta
Actc1,Eukaryota
Bmp4,Vertebrata
Tfdp2,Eukaryota
Ccl20,Amniota
Irs1,Eumetazoa
Oscar,Vertebrata
Tead2,Vertebrata
Nfatc2ip,Vertebrata
Hcfc1,Vertebrata
Arid5b,Opisthokonta
Cirbp,Vertebrata
Ccnd3,Eukaryota
Coro1a,Vertebrata
Gfap,Vertebrata
Retsat,Eumetazoa
Hexim1,Vertebrata
Phb,Rodentia
Hcrt,Vertebrata
Stat3,Vertebrata
Ezh1,Vertebrata
Bax,Opisthokonta
Lfng,Eumetazoa
Nudt1,Eukaryota
Mafk,Eumetazoa
Mesp1,Rodentia
Mesp2,Mammalia
Duox2,Vertebrata
Kat5,Eumetazoa
Tnf,Vertebrata
Ovol1,Vertebrata
Ang2,Muridae
Ccr2,Vertebrata
Tcl1,Amniota
Scnn1g,Vertebrata
Rax,Vertebrata
Dmp1,Vertebrata
Ibsp,Vertebrata
Il6st,Vertebrata
Npas2,Opisthokonta
Msx1,Eumetazoa
Rara,Eumetazoa
Cdh5,Vertebrata
Tcp1,> Eukaryota
Sod2,Vertebrata
Ostm1,Eumetazoa
Nr2e1,Vertebrata
Sesn1,Opisthokonta
Esr1,Eumetazoa
Zbtb2,Eumetazoa
Akap12,Eumetazoa
Utrn,Opisthokonta
Mixl1,Vertebrata
Lin9,Vertebrata
Parp1,Eukaryota
Prox1,Eumetazoa
Gata4,Vertebrata
Sgpp1,Eukaryota
Abcd4,Opisthokonta
Vsx2,Vertebrata
Batf,Eumetazoa
Tgfb3,Eumetazoa
Esrrb,Eumetazoa
Jdp2,Eumetazoa
Batf2,Mammalia
Fos,Eumetazoa
Clnk,Mammalia
Nkx3-2,Vertebrata
Mcm7,> Eukaryota
Vegfb,Mammalia
Tsc22d3,Vertebrata
Ran,Muridae
Mif,Opisthokonta
Tlx3,Eumetazoa
Fgf18,Eumetazoa
Tcirg1,> Eukaryota
Igf1,Vertebrata
Ascl1,Vertebrata
Cald1,Vertebrata
Foxp2,Vertebrata
Tfec,Opisthokonta
Akr1b3,> Eukaryota
Nampt,Vertebrata
Pwp1,Vertebrata
Kdm5a,Eumetazoa
Creld2,Eumetazoa
Abcd2,Eukaryota
Sox5,Eukaryota
Bcat1,> Eukaryota
Dnajc2,Eukaryota
Glipr1,Eumetazoa
Csrp2,Vertebrata
Apex1,> Eukaryota
Defb2,Muridae
Foxn1,Opisthokonta
Nrgn,Eumetazoa
Shox2,Eukaryota
Npas1,> Eukaryota
Relb,Eukaryota
Six5,Vertebrata
Fosb,Eukaryota
Lxn,Vertebrata
Cux1,Eumetazoa
Fcer1a,Vertebrata
Fcgr3,Vertebrata
Fcgr1,Vertebrata
Fcgr2b,Vertebrata
Gata3,Vertebrata
Snd1,Vertebrata
Cacna1c,Vertebrata
Ube2h,Eukaryota
Nrf1,Opisthokonta
St8sia1,Opisthokonta
Napepld,Eumetazoa
Kcna5,Eumetazoa
Apaf1,Vertebrata
Fgf23,Opisthokonta
Cd36,Opisthokonta
Sema3c,Opisthokonta
Foxm1,Eukaryota
Myf5,Eumetazoa
Myf6,> Eukaryota
Ppargc1b,Opisthokonta
Sparc,Eukaryota
Foxo4,Vertebrata
Fosl1,Vertebrata
Npas4,Eukaryota
Atp11c,Muridae
Klkb1,Opisthokonta
F12,Opisthokonta
Zic3,Eumetazoa
Atp1b1,Vertebrata
Mcts1,Muridae
Zbtb33,Mammalia
Upf3b,Vertebrata
Btk,Vertebrata
Creb3l1,Opisthokonta
Adamts1,Vertebrata
Steap3,Vertebrata
Rnd3,Vertebrata
Ptger2,Vertebrata
Zeb2,Vertebrata
Nab1,Eumetazoa
Stat1,> Eukaryota
F7,Opisthokonta
Tbx19,Vertebrata
Gbx2,Vertebrata
Il15,Vertebrata
Mgarp,Muridae
Oas1g,Mammalia
Il31,Mammalia
Madcam1,Vertebrata
Elane,Vertebrata
Ebna1bp2,Vertebrata
Foxd3,Vertebrata
Jak1,Vertebrata
Pla2g4a,Opisthokonta
Ptgs2,Eumetazoa
Rfx2,Vertebrata
Ptprc,Vertebrata
Lhx9,Eumetazoa
Nphs2,Muridae
Arid3a,Vertebrata
Rgs16,Vertebrata
Rgs4,Vertebrata
Irf9,Vertebrata
Mafa,Vertebrata
Uhrf1,Muridae
Hcls1,Eukaryota
Abcb4,Vertebrata
Slc51a,Vertebrata
Usp18,Muridae
Cyp2c29,Rodentia
Ighm,Muridae
Tap2,Vertebrata
Zfp263,Muridae
Abcg1,Vertebrata
Ppp1r13l,Vertebrata
Lgals4,> Eukaryota
Axl,> Eukaryota
Tgfb1,> Eukaryota
Cdon,Vertebrata
Bcl9l,Vertebrata
Cxcr5,Vertebrata
Pgr,Vertebrata
Thrsp,Eukaryota
Ntrk1,Vertebrata
Lmna,Vertebrata
Stmn1,Eumetazoa
Paqr7,Vertebrata
Ptpru,Eumetazoa
Kcnn4,Vertebrata
Aplp1,Eumetazoa
Nphs1,Vertebrata
Aif1,Eumetazoa
Cyp21a1,Vertebrata
Rxrb,Opisthokonta
Sp8,Opisthokonta
Macc1,Eumetazoa
Jazf1,Vertebrata
Hoxa11,Eumetazoa
Pde4c,Eumetazoa
Ptdss1,Eukaryota
Nkd2,> Eukaryota
Apoc3,Vertebrata
Apoa5,Vertebrata
Cd79b,Mammalia
Icam2,Mammalia
Cd7,Mammalia
Mllt3,Vertebrata
Pea15a,Vertebrata
Adcy4,Eumetazoa
Htr2c,Eumetazoa
Vax2,Eukaryota
Ntn1,Vertebrata
Mchr1,Eumetazoa
Sox10,Vertebrata
Mast1,Vertebrata
Smarca4,Vertebrata
Cdkn2d,Eukaryota
Keap1,Mammalia
Hmgxb4,Vertebrata
Hmox1,Vertebrata
Nfix,Vertebrata
Bglap,Vertebrata
Bglap3,Vertebrata
Bglap2,Vertebrata
Grin2b,Vertebrata
Suz12,Vertebrata
Kit,> Eukaryota
Clock,> Eukaryota
Kdm5c,Vertebrata
Tyrp1,Eumetazoa
Dctn6,Opisthokonta
Rbpj,Vertebrata
Pax5,Vertebrata
Klf3,Eumetazoa
Hoxd1,Muridae
Nfkbia,Muridae
Utf1,Mammalia
Hmgb2,Eukaryota
Hadh,Opisthokonta
Lef1,Vertebrata
Casp6,Eukaryota
Abcg2,Opisthokonta
Ucp1,Vertebrata
Pou4f2,Opisthokonta
Nr3c2,Eukaryota
Vegfc,Rodentia
Wnt10a,Vertebrata
Cdk5r2,Opisthokonta
Nrp2,Vertebrata
Ptpn4,Vertebrata
Acmsd,Vertebrata
Twist2,Opisthokonta
Hdac4,Vertebrata
Lct,Opisthokonta
Bmpr2,Eukaryota
Mylk,Opisthokonta
Slc10a2,Vertebrata
Cxcr2,Vertebrata
Slc39a10,Opisthokonta
Col5a2,Eumetazoa
Igfbp2,Vertebrata
Igfbp5,Vertebrata
Tns1,Vertebrata
Cyp27a1,Eukaryota
Lss,Opisthokonta
Ggps1,Opisthokonta
Unc5b,Vertebrata
Psap,Eukaryota
Lhcgr,Opisthokonta
Mertk,Vertebrata
Thbs2,Vertebrata
Bmp5,Eumetazoa
Hcrtr2,Vertebrata
Gclc,> Eukaryota
Elovl5,Vertebrata
Angpt2,Vertebrata
Riox2,Vertebrata
Ncoa2,Opisthokonta
Gcgr,Vertebrata
Krt8,Eumetazoa
Col5a3,> Eukaryota
Actg2,Vertebrata
Tac4,Muridae
Prtn3,Muridae
Hrk,Muridae
Pf4,Rodentia
Krt5,Rodentia
Adgrb1,Vertebrata
Sim1,Eukaryota
Grik2,Eumetazoa
Agrp,Opisthokonta
Zim1,Vertebrata
Hsd11b2,> Eukaryota
Cebpa,Vertebrata
Gtf2a2,Vertebrata
Il17f,Opisthokonta
Nqo1,Eukaryota
Ccnb2,Eumetazoa
Ankrd1,Muridae
Vsx1,Opisthokonta
Ncoa4,> Eukaryota
Blnk,Vertebrata
Dntt,Vertebrata
Calm1,Eumetazoa
Epcam,Vertebrata
Rel,Vertebrata
Slc1a4,Eukaryota
Asrgl1,> Eukaryota
Fgfr2,Opisthokonta
Lama1,Opisthokonta
Cidea,Eumetazoa
Ezh2,Vertebrata
Cyp1b1,> Eukaryota
Sirt1,Eumetazoa
Atoh7,> Eukaryota
Ret,Rodentia
Neurog3,Eumetazoa
Sorbs1,Eumetazoa
Emx2,Eumetazoa
Prdx3,Mammalia
Ikzf1,Vertebrata
Smoc2,Amniota
Crx,Vertebrata
Nox4,Eumetazoa
Apom,Opisthokonta
Slco1b2,Muridae
Tlr4,Vertebrata
Adipoq,Vertebrata
Stra8,Mammalia
Mmp13,Vertebrata
Ankrd2,Vertebrata
Mbd2,Vertebrata
Rbl2,Opisthokonta
Irx5,Vertebrata
Mdk,Vertebrata
Tph2,Vertebrata
Reln,Vertebrata
Alx4,Opisthokonta
Lmo2,Opisthokonta
Arid3b,Eumetazoa
Hcn4,Rodentia
Tjp1,Vertebrata
Tcf12,Eumetazoa
Inpp5k,Vertebrata
Birc2,Opisthokonta
Birc3,Opisthokonta
Wwtr1,Vertebrata
Nectin1,Vertebrata
Chek1,Vertebrata
Cfb,Eukaryota
Mia,Eukaryota
Cryab,Eumetazoa
Pura,Eukaryota
Zbtb20,> Eukaryota
Hinfp,Vertebrata
Dpagt1,Vertebrata
Pmaip1,Mammalia
Serpinb2,Vertebrata
Mepe,Eumetazoa
Dspp,Eumetazoa
Cxcl13,Vertebrata
Acrv1,Mammalia
Crebbp,Eukaryota
Hmox2,Opisthokonta
Cxcl12,Opisthokonta
Mxi1,Eukaryota
Smc3,Eukaryota
Fgf20,Opisthokonta
Abca1,Amniota
Smurf2,Eukaryota
Kpna2,Eumetazoa
Nacc1,Eumetazoa
Lpar2,Mammalia
Pdgfa,Muridae
Pla2g6,Vertebrata
Cbx6,Vertebrata
Ncf4,Eumetazoa
Atf4,Vertebrata
C1qtnf3,Opisthokonta
Rac2,Opisthokonta
Otp,Eumetazoa
Hmgcr,Opisthokonta
Hnrnpd,Vertebrata
Kif2a,Eumetazoa
Ocln,Eukaryota
Scarb1,Muridae
Cldn5,Opisthokonta
Mef2c,Opisthokonta
Krt14,Vertebrata
Krt16,Vertebrata
Gast,Vertebrata
Cd55,Vertebrata
Pigr,Rodentia
Scgb3a2,Muridae
Gstm2,Rodentia
Pfkfb3,Vertebrata
Timp3,Vertebrata
Etv6,Opisthokonta
Chst11,Eukaryota
Nfyb,Eukaryota
Lmo3,Opisthokonta
Gys2,Vertebrata
Col4a2,Vertebrata
Lgals9,Opisthokonta
Sst,Rodentia
Upp1,Opisthokonta
Hey1,Opisthokonta
Crp,Rodentia
Nr4a3,Eukaryota
Cdh17,Vertebrata
Abcb1b,Eumetazoa
Abcb1a,Vertebrata
Ecm1,Vertebrata
Ghr,Vertebrata
Il6ra,Amniota
Il23r,Vertebrata
Aqp5,Vertebrata
Tuft1,Vertebrata
S100a9,Rodentia
Zfp131,Opisthokonta
Creb3,Opisthokonta
Oxt,Eumetazoa
Avp,Opisthokonta
Fabp1,Vertebrata
Sema6a,Eukaryota
Cdo1,Muridae
Ebf2,Opisthokonta
Ewsr1,Muridae
Ung,Vertebrata
Cd38,> Eukaryota
Rala,Eukaryota
Smarcd3,Rodentia
Myc,Vertebrata
Sox17,Vertebrata
Tyms,Opisthokonta
Cd72,Eumetazoa
Acta2,Rodentia
Runx2,Vertebrata
Cyp39a1,Eumetazoa
Eln,Vertebrata
Ccl9,Opisthokonta
Nepn,Eukaryota
Sftpd,Eumetazoa
Sftpa1,Vertebrata
Hipk2,Vertebrata
Map1lc3b,Eumetazoa
Slc7a5,Vertebrata
Hsf4,Eukaryota
Zfp423,Vertebrata
Zfpm1,Opisthokonta
Ces1d,Eukaryota
Ces2c,Mammalia
Foxl1,Vertebrata
Siah1b,Vertebrata
Cry2,Eumetazoa
Anpep,Opisthokonta
Klf16,Eumetazoa
Rora,Opisthokonta
Ell3,Vertebrata
Pex11a,Vertebrata
Gnrhr,Vertebrata
St8sia2,Opisthokonta
Nr2f2,Vertebrata
Mef2a,Vertebrata
Igf1r,Opisthokonta
Vwf,Vertebrata
Syt1,> Eukaryota
Hgf,Opisthokonta
Tle4,Vertebrata
Psat1,Opisthokonta
Gck,Vertebrata
Ikbkb,Eukaryota
Pcna,Eumetazoa
Adra2b,Vertebrata
Dusp2,Vertebrata
Atoh1,Vertebrata
Fancc,Eukaryota
Ptch1,Eukaryota
Xpc,Eumetazoa
Celsr3,Vertebrata
Akr1b8,> Eukaryota
Akr1b7,> Eukaryota
Akr1c18,> Eukaryota
Mybl2,Vertebrata
Heyl,Opisthokonta
Hes5,Opisthokonta
Ybx1,Opisthokonta
Trp73,Mammalia
Zhx3,Opisthokonta
Mafb,Eukaryota
Bhlhe23,Opisthokonta
Slc6a6,Opisthokonta
Nr2c2,Muridae
Sult1e1,Vertebrata
Sult1a1,Vertebrata
Ogg1,Vertebrata
Rho,Vertebrata
Ren1,Vertebrata
Csf1,Eukaryota
Trh,Opisthokonta
Wnt7a,> Eukaryota
Raf1,Vertebrata
Syn2,Opisthokonta
Tnnc1,Vertebrata
Dbh,> Eukaryota
Lcn2,Vertebrata
Ptgds,Rodentia
Lcn5,Opisthokonta
Nrarp,> Eukaryota
Pou3f3,Eumetazoa
Adora2a,> Eukaryota
Nefl,Opisthokonta
Dusp4,Vertebrata
Sigmar1,Vertebrata
Jak2,Vertebrata
Pdcd1lg2,Opisthokonta
Lhx6,> Eukaryota
Pde6b,Eukaryota
Fgf10,Opisthokonta
Stat4,> Eukaryota
Slc40a1,> Eukaryota
Gli2,Vertebrata
Chd1,Eumetazoa
Nfil3,Rodentia
Apc,Eumetazoa
Il2rb,Opisthokonta
Ppp1r3b,> Eukaryota
Skp2,> Eukaryota
Odf2,Opisthokonta
Smyd1,> Eukaryota
Zfp513,Eukaryota
Sox7,> Eukaryota
Tcf21,Vertebrata
Tbpl1,> Eukaryota
Sgk1,> Eukaryota
Myb,Vertebrata
Vegfa,Vertebrata
Med23,Eukaryota
Dpf3,Vertebrata
Otx2,Eukaryota
Zfp410,Vertebrata
Yy1,Mammalia
Lgals1,Muridae
Cyp3a11,Rodentia
Cyp3a41a,Eukaryota
Cacna1h,Vertebrata
Rnf2,Vertebrata
Penk,Mammalia
Car1,Vertebrata
Ptf1a,Vertebrata
F3,Vertebrata
En2,Vertebrata
Paxip1,Eukaryota
Plppr4,Eumetazoa
Cyp7a1,Eumetazoa
Gdf15,Eukaryota
Crtc1,Eukaryota
Angptl4,Opisthokonta
Nr2f6,Vertebrata
Dmbx1,Vertebrata
Gadd45a,Vertebrata
Adora2b,Eukaryota
Ncor1,Muridae
Ubc,Opisthokonta
Hspb1,Eumetazoa
Mlxipl,Vertebrata
C1qbp,Eukaryota
Ruvbl2,Eumetazoa
Auts2,Vertebrata
Cxadr,Vertebrata
Wnt11,Eukaryota
Ckap2,Opisthokonta
Ei24,Opisthokonta
B3gat1,Mammalia
Mmp1a,Vertebrata
Serpinh1,Opisthokonta
Tfap2a,Opisthokonta
Bmp6,Eukaryota
Cebpe,Vertebrata
Slc22a17,Vertebrata
Wwp1,> Eukaryota
Cul2,Vertebrata
Map3k8,Vertebrata
Psme2,Vertebrata
Gcm2,Eumetazoa
Zbtb14,Eumetazoa
Nr5a2,Eukaryota
Hes1,Opisthokonta
Tlr3,Opisthokonta
Cpox,Eumetazoa
Dmap1,Eumetazoa
Sin3b,Eumetazoa
Lhx4,Vertebrata
Abl2,Eukaryota
Cdkn2c,> Eukaryota
Gclm,Vertebrata
Hand2,Opisthokonta
Gria2,Vertebrata
Kdm2a,Eukaryota
Cdc6,Vertebrata
Sp2,> Eukaryota
Nkx2-3,Opisthokonta
Fam161a,Vertebrata
Evpl,Vertebrata
Ddx5,Vertebrata
Alox8,Opisthokonta
Mgat5b,Eumetazoa
Gfpt2,Eumetazoa
Rlim,> Eukaryota
Fgf16,> Eukaryota
Ppp2ca,Vertebrata
Tlr11,Vertebrata
Dusp1,Eukaryota
Flt4,Vertebrata
Mxd3,Eumetazoa
Hbegf,Vertebrata
Nkx2-5,Eumetazoa
Acsl4,Vertebrata
Shc1,Vertebrata
Efna1,Vertebrata
Ash1l,Vertebrata
Crabp2,Opisthokonta
Arnt,> Eukaryota
Setdb1,Vertebrata
Cyp11b2,Vertebrata
Pklr,Vertebrata
Zbtb7b,Rodentia
Sphk2,Eukaryota
Cnot3,Vertebrata
Dbp,Mammalia
Aicda,Vertebrata
Il11,> Eukaryota
